<?xml version="1.0" encoding="UTF-8" ?>
<!DOCTYPE html>
<html b:version='2' class='v2' expr:dir='data:blog.languageDirection' xmlns='http://www.w3.org/1999/xhtml' xmlns:b='http://www.google.com/2005/gml/b' xmlns:data='http://www.google.com/2005/gml/data' xmlns:expr='http://www.google.com/2005/gml/expr'>
  <head>
    <meta content='IE=EmulateIE7' http-equiv='X-UA-Compatible'/>
    <b:if cond='data:blog.isMobile'>
      <meta content='width=device-width,initial-scale=1.0,minimum-scale=1.0,maximum-scale=1.0' name='viewport'/>
    <b:else/>
      <meta content='width=1100' name='viewport'/>
    </b:if>
    <b:include data='blog' name='all-head-content'/>
    <title><data:blog.pageTitle/></title>

    <b:skin><![CDATA[/*
Theme Name: Manifest
Theme URI:
Description: A clean and streamlined theme that focuses on the content and not the distractions.
Version: 1.01
Author: Jim Barraud
Author URI: http://jimbarraud.com
Tags: simple, clean, single column

*/

.navbar {
visibility: hidden;
display: none;
}
.section, .widget {
margin: 0;
padding: 0;
}

/* Reset All Styles
-------------------------------------------------------------------- */

html, body, div, span, applet, object, iframe,
h1, h2, h3, h4, h5, h6, p, blockquote, pre,
a, abbr, acronym, address, big, cite, code,
del, dfn, em, font, img, ins, kbd, q, s, samp,
small, strike, strong, sub, sup, tt, var,
b, u, i, center,
dl, dt, dd, ol, ul, li,
fieldset, form, label, legend,
table, caption, tbody, tfoot, thead, tr, th, td {
        margin: 0;
        padding: 0;
        border: 0;
        outline: 0;
        font-size: 100%;
        vertical-align: baseline;
        background: transparent;
}
body {
        line-height: 1;
}
ol, ul {
        list-style: none;
}
blockquote, q {
        quotes: none;
}
blockquote:before, blockquote:after,
q:before, q:after {
        content: '';
        content: none;
}

/* remember to define focus styles! */
:focus {
        outline: 0;
}

/* remember to highlight inserts somehow! */
ins {
        text-decoration: none;
}
del {
        text-decoration: line-through;
}

/* tables still need 'cellspacing="0"' in the markup */
table {
        border-collapse: collapse;
        border-spacing: 0;
}

/* Global Styles
-------------------------------------------------------------------*/

body{
  background: #fff;
  font: 62.5% palatino, "times new roman", serif;
  color: #333;
}
strong{
  font-weight: bold;
}

/* Links */

a:link,
a:visited{
  color: #9C8A6A;
  text-decoration: none;
}
a:hover,
a:active{
  color: #3E372B;
  text-decoration: underline;
}

/* Headers */

h1{
  margin: 10px 0 20px;
  font-size: 3.3em;
  font-weight: normal;
  text-transform: uppercase;
  letter-spacing: .05em;
  word-spacing: .2em;
}
h1 a:link,
h1 a:visited{
  color: #000;
}
h1 a:hover,
h1 a:active{
  color: #000;
  text-decoration: underline;
}
h2{
  margin-top: 30px;
  margin-bottom: 40px;
  font-size: 2.4em;
  font-weight: normal;
  color: #000;
  text-transform: uppercase;
}
h3{
  margin-bottom: 5px;
  font-size: 2.3em;
  font-weight: normal;
}
h3 a:link,
h3 a:visited{
  color: #333;
}
h3 a:hover,
h3 a:active{
  text-decoration: underline;
}
h4{
  margin-bottom: 10px;
  font-size: 1.5em;
  font-weight: bold;
  color: #333;
}
h5{
  position: relative;
  top: -35px;
  margin-bottom: 50px;
  font-family: "helvetica neue", helvetica, arial;
  font-size: 1.2em;
  color: #999;
  font-weight: normal;
  border-bottom: 1px solid #ddd;
  background: #fff;
}
h5 abbr{
  display: inline-block;
  position: relative;
  margin: 0 auto;
  padding: 0 8px;
  background: #fff;
  top: 8px;
}

/* Form Elements */

input[type=text],
textarea{
  border: 1px solid #ddd;
  padding: 3px;
  font-family: helvetica, arial, sans-serif;
  font-size: 12px;
  color: #666;
}
input:focus,
textarea:focus{
  border-color: #999;
  color: #333;
}
input[type=submit]{
  padding: 3px 10px;
  color: #fff;
  font-weight: bold;
  background-color: #8EA7AA;
  background-image: url(http://2.bp.blogspot.com/-nz9EsBIuYq4/T3--Xl0GMwI/AAAAAAAACMg/_Jktv3GeA2Y/s1600/button.png);
  background-repeat: repeat-x;
  background-position: left top;
  border-width: 1px;
  border-style: solid;
  border-color: #999;
  border-radius: 10px;
  -webkit-transition: border-color .2s ease-in, background-color .2s ease-in;
  -moz-border-radius: 12px;
  -webkit-border-radius: 10px;
  cursor: pointer;
}
input[type=submit]:hover,
input[type=submit]:focus{
  background-color: #697D80;
  border-color: #666;
}

/* Structure */

#siteWrapper{
  margin: 0 auto;
  padding-top: 15px;
  width: 500px;
  text-align: center;
  position: relative;

}
#siteWrapper h1{
  margin: 7px 0 0 0;
  padding: 0;
}
#siteDescription{
  font-size: 1.2em;
  margin: 10px auto 60px auto;
  width: 500px;
  padding: 11px 0 13px;
  color: #999;
  font-style: italic;
  position: absolute;
  top: 94px;
}

/* Main Navigation
-------------------------------------------------------------------*/

#mainNav{
  width: 500px;
  margin-top: 10px;
  padding: 5px;
  background: #FBFBFB;
  border-top: 1px solid #EAEAEA;
  border-bottom: 1px solid #EAEAEA;
  position: absolute;
  top: 75px;
}
#mainNav ul{
  margin: 0 auto;
  padding: 0;
  width: 45em;
  text-align: center;
}
#mainNav li{
  display: inline;
  margin-right: 20px;
  font-size: 1.5em;
  text-transform: uppercase;
}
#mainNav li:last-child{
  margin-right: 0;
}
#mainNav a:link,
#mainNav a:visited{
  color: #999;
  white-space: nowrap;
}
#mainNav a:hover,
#mainNav a:active{
  text-decoration: underline;
  color: #2E301C;
}
#mainNav .current_page_parent a:link,
#mainNav .current_page_parent a:visited,
#mainNav .current_page_item a:link,
#mainNav .current_page_item a:visited{
  font-weight: bold;
  color: #2A2D1A;
}
#mainNav .current_page_parent a:hover,
#mainNav .current_page_parent a:active,
#mainNav .current_page_item a:hover,
#mainNav .current_page_item a:active{
  color: #2E301C;
}

/* Sub Navigation
-------------------------------------------------------------------*/

#subNav{
  padding: 5px 3px 3px;
  border-bottom: 1px solid #F4F4F4;
}
#subNav ul{
  margin: 0 auto;
  width: 45em;
  text-align: center;
}
#subNav li{
  display: inline;
  margin-right: 20px;
  font-size: 1.2em;
  text-transform: uppercase;
}
#subNav li:last-child{
  margin-right: 0;
}
#subNav a:link,
#subNav a:visited{
  color: #999;
  white-space: nowrap;
}
#subNav a:hover,
#subNav a:active{
  text-decoration: underline;
  color: #2E301C;
}
#subNav .current_page_parent a:link,
#subNav .current_page_parent a:visited,
#subNav .current_page_item a:link,
#subNav .current_page_item a:visited{
  font-weight: bold;
  color: #2A2D1A;
}
#subNav .current_page_parent a:hover,
#subNav .current_page_parent a:active,
#subNav .current_page_item a:hover,
#subNav .current_page_item a:active{
  color: #2E301C;
}
/* Main Content Body
-------------------------------------------------------------------*/

#coreContent{
  float: left;
  width: 500px;
  margin-top: 163px;
}

/* Posts
-------------------------------------------------------------------*/

.postContent{
  position: relative;
}
.postContent h4{
  position: relative;
  top: 0;
  font-family: constantia, palatino, times new roman;
  font-size: 1.2em;
  color: #999;
  font-weight: normal;
  font-style: italic;
  border-bottom: none;
}
.postDate ~ .postContent{
  margin-top: -30px;
}
#coreContent p,
#coreContent li,
#coreContent dd{
  margin-bottom: 1.7em;
  font-size: 1.4em;
  line-height: 1.5em;
  color: #333;
  text-align: justify;
}
#coreContent p{
  text-align: justify;
}
#coreContent li{
  list-style: square;
  margin-left: 17px;
}
#coreContent dt{
  font-size: 1.3em;
  color: #333;
}
.entry-content{
  margin-top: 24px;
  text-align: left;
}
.entry-content a:link,
.entry-content a:visited{
  text-decoration: underline;
}
.hentry{
  position: relative;
  padding-bottom: 37px;
  border-bottom: 1px dotted #ddd;
  margin-bottom: 30px;
}
#coreContent .postMeta{
  margin: 40px auto 0;
  font-size: 1.3em;
  color: #999;
}
#coreContent .postMeta div{
  margin-bottom: 5px;
}
#coreContent .postMeta a:link,
#coreContent .postMeta a:visited{
  color: #666;
}
#coreContent .postMeta a:hover,
#coreContent .postMeta a:active{
  color: #666;
}
#coreContent .postMeta span{
  text-transform: uppercase;
}
.entry-content h1,
.entry-content h2,
.entry-content h3,
.entry-content h4,
.entry-content h5,
.entry-content h6{
  color: #333;
  border: none;
  padding: 0;
  font-family: constantia, palatino, times new roman;
  font-weight: bold;
  margin: 0 0 5px;
  font-style: normal;
  position: static;
}

.entry-content h1{
  font-size: 2em;
  letter-spacing: 0;
}
.entry-content h2{
  font-size: 1.8em;
}
.entry-content h3{
  font-size: 1.6em;
}
.entry-content h4,
.entry-content h5,
.entry-content h6{
  font-size: 1.4em;
}
.entry-content strong{
  color: #000;
}
.entry-content pre{
  color: #666;
  font-size: 1.5em;
  line-height: 18px;
  margin-bottom: 15px;
}
.entry-content ul,
.entry-content ol{
  margin: 0 0 20px 15px;
  padding: 0;
}
.entry-content ol li{
  list-style-type: decimal !important;
}
.entry-content li{
  margin-bottom: 5px !important;
}
.entry-content blockquote{
  font-size: 1.4em;
  font-style: italic;
  line-height: 1.5em;
  color: #7D7D7D;
  margin: 0 20px 20px;
  padding-left: 10px;
  border-left: 3px solid #ccc;
}
#coreContent .entry-content blockquote p{
  font-size: 1.1em;
  line-height: 1.3em;
  color: #7D7D7D;
}
.entry-content .alignleft{
  float: left;
  margin: 4px 10px 10px 0;
}
.entry-content .alignright{
  float: right;
  margin: 4px 0 10px 10px;
}
.entry-content .wp-caption.alignnone{
  margin-bottom: 15px;
}
#coreContent .entry-content p.wp-caption-text{
  font-size: 1.1em;
  font-style: italic;
  color: #666;
  margin-bottom: 0;
}
.hentry img{
  margin: 0 auto;
  border: 1px solid #ccc;
}
.share a{
  display: inline-block;
  padding: 2px 0 2px 19px;
}
.share_twitter{
  background: url(http://3.bp.blogspot.com/-2iCcyr4hufI/T3--eBodTNI/AAAAAAAACMs/Cp1Fy_vV7CU/s1600/twitter_16.png) no-repeat;
}
.share_facebook{
  background: url(http://4.bp.blogspot.com/-PTCeJV4RaV4/T3--lQ01ulI/AAAAAAAACM4/JbkAhdr5frY/s1600/facebook_16.png) no-repeat;
}

/* Single Post Page
-------------------------------------------------------------------*/

.single h3{
  margin-top: 30px;
  margin-bottom: 5px;
}
.single h5{
  position: static;
  font-family: "helvetica neue", helvetica, arial;
  font-size: 1.2em;
  color: #999;
  font-weight: normal;
  border-bottom: none;
  background: #fff;
}
.single.hentry{
  border-top: 1px solid #efefef;
  margin-top: -50px;
  border-bottom: none;
  padding-bottom: 0;
}
#coreContent .single .postMeta{
  margin: 20px 0 0;
  padding-top: 0;
  padding-bottom: 17px;
  text-align: left;
}

/* Links Page
-------------------------------------------------------------------*/

#coreContent .entry-content #linkList{
  margin-left: 0;
}
#coreContent .entry-content #linkList li{
  list-style-type: none;
  margin-left: 0;
}
#coreContent .entry-content #linkList li li{
  font-size: .9em;
  list-style-type: square;
  margin-bottom: 20px !important;
  margin-left: 15px;
}
#coreContent .entry-content #linkList ul{
  margin: 10px 0 40px;
}

/* Comments
-------------------------------------------------------------------*/

#comments ol{
  list-style: none;
  margin: 0;
  padding: 0;
}
#comments li{
  font-size: inherit;
  list-style: none;
  position: relative;
  padding: 0 0 25px 58px;
  margin: 25px 0 0 0;
  border-bottom: 1px solid #ccc;
}
.comment p{
  color: #666;
}
.avatar-image-container{
  position: absolute;
  left: 0;
  width: 48px;
  height: 48px;
}
.avatar-image-container img{
  width: 48px;
  height: 48px;
}
.comment-content{
  padding: 10px 10px 0px 0;
}
#comments ol li ol li{
  margin: 15px 0 0 0;
  padding: 10px 10px 10px 52px;
  background: #F2F2F2;
  border-left: 2px solid #ccc;
}
#comments .comment .children li #respond{
  background: #F2F2F2 url(http://3.bp.blogspot.com/-n7Bal0nHa2I/T3--v4jKgLI/AAAAAAAACNE/Kw_Lde7pOAo/s1600/commentReply.gif) no-repeat;
}
#comments .comment .children li .leaveComment{

  background: url(http://4.bp.blogspot.com/-vapESYyBA-c/T3--3Jmmw-I/AAAAAAAACNQ/1xYDSIv8IpE/s1600/commentBottom.png) repeat-x left bottom;
}
#comments .comment .children li.depth-3 .comment-body{
  background-color: #F6F6F6;
  border-left: 2px solid #ccc;
}
#comments .comment .children li.depth-3 #respond{
  background-color: #F6F6F6;
}
#comments .comment .children li.depth-4 .comment-body{
  background-color: #F9F9F9;
  border-left: 2px solid #ccc;
}
#comments .comment .children li.depth-4 #respond{
  background-color: #F9F9F9;
}
#comments .comment .children li.depth-5 .comment-body{
  background-color: #FcFcFc;
}
#comments .comment .children li.depth-5 #respond{
  background-color: #FcFcFc;
}
#comments ol li ol li .avatar-image-container{
  left: 10px;
  width: 32px;
  height: 32px;
}
#comments ol li ol li .avatar-image-container img{
  width: 32px;
  height: 32px;

}
#cancel-comment-reply{
  margin-top: 15px;
  text-transform: capitalize;
  float: left;
}
.comment-actions{
  display: block;
  padding: 0 0 0 13px;
  background: url(http://1.bp.blogspot.com/-_6fnkX2j3JU/T3--99B8vQI/AAAAAAAACNc/3-evT_x3JtU/s1600/icon_reply.png) no-repeat left 2px;
}
.comment-actions a{
  margin-right: 5px;
  text-transform: uppercase;
}
#comments ol li .continue{
  text-transform: uppercase;
  display: block;
  margin: 10px 0 0 0;
  padding: 0 0 0 13px;
  background: url(http://1.bp.blogspot.com/-_6fnkX2j3JU/T3--99B8vQI/AAAAAAAACNc/3-evT_x3JtU/s1600/icon_reply.png) no-repeat left 2px;
}
.user{
  font-size: 1.4em;
  margin-bottom: 10px;
}
cite.user, cite.user a{
  font-style: normal;
  font-weight: bold;
  color: #000;
}
.datetime{
  position: absolute;
  right: 10px;
  font-size: 1.2em;
  font-style: italic;
  top: 0px;

}
#comments ol li ol li .datetime{
  top: 10px;
}
.thread-toggle {
  font-size: 12px;
  margin: 10px 0 0 0;
  cursor: pointer;
  display: inline-block;
}
.thread-chrome.thread-collapsed {
  display: none;
}
.thread-toggle .thread-arrow {
  display: inline-block;
  height: 6px;
  width: 7px;
  overflow: visible;
  margin: 0.3em;
  padding-right: 4px;
}
.thread-expanded .thread-arrow {
  background: url(data:image/png;base64,iVBORw0KGgoAAAANSUhEUgAAAAcAAAAHCAYAAADEUlfTAAAAG0lEQVR42mNgwAfKy8v/48I4FeA0AacVDFQBAP9wJkE/KhUMAAAAAElFTkSuQmCC) no-repeat scroll 0 0 transparent;
}
.thread-collapsed .thread-arrow {
  background: url(data:image/png;base64,iVBORw0KGgoAAAANSUhEUgAAAAcAAAAHCAYAAADEUlfTAAAAJUlEQVR42mNgAILy8vL/DLgASBKnApgkVgXIkhgKiNKJ005s4gDLbCZBiSxfygAAAABJRU5ErkJggg==) no-repeat scroll 0 0 transparent;
}
.comment .reply{
  margin-bottom: 10px;
  text-transform: uppercase;
  font-size: 1.1em;
}
.commentContent{
  float: left;
  width: 415px;
  margin-left: 22px;
}
.nocomments{
  font-size: 1.2em;
  padding: 25px 0;
  border-top: 1px solid #ccc;
  border-bottom: 1px solid #ccc;
}

/* Comment Form */

fieldset{
  position: relative;
  padding: 0 0 10px;

}
legend{
  position: relative;
  display: block;
  font-size: 1.4em;
  font-weight: bold;
  text-align: left;
  margin: 0;
  padding: 0 0 4px 0;
}
legend span{
  position: relative;
  top: -15px;
  display: block;
}
#comments h3{
  font-size: 1.4em;
}

#comments h3,
legend span{
  border-bottom: 1px solid #ccc;
  padding: 0 0 .7em;
  font-weight: bold;
  text-align: left;
  width: 500px;
}
.comment legend span{
  border: none;
  padding: .5em 0 .7em;
  font-weight: bold;
  text-align: left;
  position: relative;
  top: 3px;
  width: auto;
}


.leaveComment{
  padding: 8px 0 19px;

}
#coreContent #comments .comment.depth-1 fieldset{
  padding-right: 10px;
  padding-left: 54px;
}
#coreContent #comments .comment .children fieldset{
  padding-right: 10px;
  padding-left: 54px;
}
.commentAuthorInfo{
  float: left;
  width: 230px;
  margin-right: 20px;
}
#coreContent #comments .comment .commentAuthorInfo{
  float: none;
  width: auto;
  margin-right: 0;

}
.commentForm{
  font-size: 1.1em;
  text-align: left;
  text-transform: uppercase;
  margin: 0;
}
.commentForm em{
  text-transform: lowercase;
  font-style: italic;
  color: #999;
  font-size: 1em;
}
.commentForm input[type=text]{
  display: block;
  margin-bottom: 15px;
  width: 220px;
  font-size: 1.2em;
}
#coreContent #comments .comment .commentForm input[type=text],
#coreContent #comments .comment .commentForm textarea{
  width: 100%;
  max-width: 500px;
}
.commentForm textarea{
  width: 242px;
  max-width: 242px; /* Restricts the resizing capability in webkit bases browsers */
  height: 121px;
  font-size: 1.2em;
}
.commentForm textarea.loggedIn{
  width: 500px;
  max-width: 500px; /* Restricts the resizing capability in webkit bases browsers */
}
.commentForm input[type=submit]{
  float: right;
  margin-top: 8px;
}
.comment #respond{
  margin-left: -52px; /* Shift inline comment box to accomodate for gravatar */
}

/* Image Gallery
-------------------------------------------------------------------- */

#galleryNav{
  background: url(http://2.bp.blogspot.com/-18pFRnwUfbQ/T3-_JA2MDzI/AAAAAAAACNo/hMayqvp1dTU/s1600/galleryNav_bg.png) no-repeat;
  width: 258px;
  height: 90px;
  margin: 20px auto 0;
}
#galleryNav_controls{
  width: 140px;
  margin: 0 auto;
  padding: 12px 0;
  position: relative;
}
#galleryNav_prev,
#galleryNav_next{
  position: absolute;
  width: 60px;
  height: 60px;
  -moz-box-shadow: 0 0 5px #999;
  -webkit-box-shadow: 0 0 5px #999;
}
#galleryNav_prev{
  left: 0;
  margin-right: 10px;
}
#galleryNav_next{
  right: 0;
}
.galleryNav_prevArrow,
.galleryNav_nextArrow{
  position: absolute;
  top: 0;
  left: 0;
  width: 60px;
  height: 60px;
  cursor: pointer;
}
.galleryNav_prevArrow{
  background: url(http://3.bp.blogspot.com/-oKLEjTvEVOA/T3-_QNE1HVI/AAAAAAAACN0/OICtHGTUHDk/s1600/galleryNav_prev.png) no-repeat 50% 50%;
}
.galleryNav_nextArrow{
  background: url(http://2.bp.blogspot.com/-LnkafIBYI5w/T3-_W_4V8FI/AAAAAAAACOA/b4huxKQKoyM/s1600/galleryNav_next.png) no-repeat 50% 50%;
}
.galleryNav_return{
  display: inline-block;
  margin-top: 5px;
  font-size: 1.3em;
}
.galleryImage{
  text-align: center;
}


/* Paging Navigation
-------------------------------------------------------------------- */

.pageNav{
  margin-top: 40px;
}
.pageNav a:link,
.pageNav a:visited {
  font-size: 1.5em;
}
.pageNav .prev,
.pageNav .next{
  display: block;
}
.pageNav .prev{
  float: left;
}
.pageNav .next{
  float: right;
}

/* Archives
-------------------------------------------------------------------- */

#archives{
  margin-top: -50px;
}
h2.archiveTitle{
  margin: -30px 0 70px;
  color: #666;
}
h2.archiveTitle strong{
  color: #000;
}
#archives h3,
#coreContent li h3{
  font-family: constantia, palatino, times new roman;
  font-size: 1.6em;
  text-align: left;
  color: #333;
  font-weight: normal;
  text-transform: uppercase;
  margin: 0 0 5px;
  border-bottom: 1px solid #ccc;
}
#coreContent li h3{
  font-size: 1.2em;
}
#archives label{
  font-family: constantia, palatino, times new roman;
  font-size: 1.4em;
  color: #333;
  font-weight: normal;
  text-transform: uppercase;
}
#archives #date{
  float: left;
  width: 235px;
}
#archives #cattags{
  float: left;
  width: 235px;
  margin-left: 30px;
}
#archives ul{
  margin: 5px 0 60px;
  text-align: left;
}
#archives ul li{
  display: inline-block;
  margin: 0 5px 5px 0;
  color: #999;
  font-size: 1.3em;
  line-height: 1.5em;
  white-space: nowrap;
}
#archives li a{
  margin-right: 5px;
}
#archives #date ul li{
  display: block;
  list-style-type: none;
  border-bottom: 1px solid #efefef;
  margin: 0;
}
#archives #date ul li a{
  display: inline-block;
  min-width: 210px;
}
.tagArchives li{
  float: left;
  margin-right: 10px;
}
.categories li{
  margin-bottom: 5px;
  font-size: 2.3em;
}

/* Recent Posts (on the 404 page)
-------------------------------------------------------------------- */

ul#recentPosts li{
  list-style: none;
  margin: 0;
  padding: 5px 0;
  border-bottom: 1px solid #efefef;
  display: block;
}
#recentPosts a{
  float: left;
  font-size: 1.1em;
}
#recentPosts .postDate{
  float: right;
}

/* Search Results
-------------------------------------------------------------------- */

#coreContent.searchresults{
  margin-top: -35px;
}
.searchresults .postMeta{
  text-align: left;
}
.searchpanel{
  border-top: 1px solid #efefef;
  border-bottom: 1px solid #efefef;
  margin: 0 0 40px;
  padding: 10px 0;
}
.searchpanel input[type=text]{
  width: 250px;
  font-size: 1.7em;
}
.searchpanel input[type=submit]{
  font-weight: normal;
  -webkit-border-radius: 12px;
  -moz-border-radius: 16px;
  background-position: left 5px;
  font-size: 1.4em;

}

/* Footer
-------------------------------------------------------------------- */

#footer{
  width: 500px;
  margin: 40px auto 0;
  padding: 20px 0 35px 0;
  border-top: 4px double #ccc;
  color: #666;
  text-align: center;
}
.footerContent{
  width: 500px;
  margin: 20px auto 0;
  clear: left;
}
#footer p{
  line-height: 1.4em;
}
#footer #search{
  margin: 15px 0 30px;
}
#footer h2{
  position: relative;
  top: 0;
  margin-bottom: 8px;
  font-family: constantia, palatino, times new roman;
  font-size: 1.3em;
  color: #666;
  font-weight: normal;
  text-transform: uppercase;
  border-bottom: none;
}
#footer .widget{
  margin-bottom: 30px;
  width: 500px;
  text-align: center;
}
#footer .widget ul{
  list-style: none;
  padding: 0;
  margin: 0;
}
#footer .widget li{
  display: inline;
  padding: 0 8px 0 0 !important;
  margin: 0 5px 0 0 !important;
  border-right: 1px dotted #ccc !important;
  font-size: 1.2em;
}
#footer .widget li:last-child{
  padding: 0;
  margin: 0;
  border-right: none !important;
}
#footer #search input[type=text]{
  font-size: 1.4em;
  border-color: #ccc;
}
#footer #search input[type=text]:focus{
  border-color: #999;
}

/* Google Ad
-------------------------------------------------------------------- */

.googleAd{
  margin-bottom: 40px;
  padding-top: 40px;
  border-top: 1px dotted #ccc;
}

/* Admin Edits
-------------------------------------------------------------------- */

.loggedin a:link,
.loggedin a:visited,
a.post-edit-link:link,
a.post-edit-link:visited,
a.comment-edit-link:link,
a.comment-edit-link:visited{
  color: #f00;
  font-weight: bold;
  text-decoration: underline;
}
#coreContent p.loggedin{
  font-size: 1.1em;
  padding: 0;
}

/* Self Clearing Floats
-------------------------------------------------------------------- */

#siteWrapper:after,
.post:after,
.commentEntry:after,
.commentForm:after,
#footer .elsewhere:after,
#metaContent .metaExtend:after,
#mainNav:after,
#mainNav ul:after,
#subNav ul:after,
#archives ul:after,
#coreContent .postMeta:after,
#recentPosts li:after,
#galleryNav:after,
#galleryNav_controls:after{
  content: ".";
  display: block;
  height: 0;
  clear: both;
  visibility: hidden;
}

]]></b:skin>
<b:if cond='data:blog.pageType == &quot;item&quot;'>
<style>
.post h3{
  margin-top: 30px;
  margin-bottom: 5px;
}
.post h5{
  position: static;
  font-family: &quot;helvetica neue&quot;, helvetica, arial;
  font-size: 1.2em;
  color: #999;
  font-weight: normal;
  border-bottom: none;
  background: #fff;
}
.post.hentry{
  border-top: 1px solid #efefef;
  margin-top: -50px;
  border-bottom: none;
  padding-bottom: 0;
}
#coreContent .post .postMeta{
  margin: 20px 0 0;
  padding-top: 0;
  padding-bottom: 17px;
  text-align: left;
}
</style>
</b:if>

<b:if cond='data:blog.pageType == &quot;static_page&quot;'>
<style>
.post h3{
  margin-top: 30px;
  margin-bottom: 5px;
}
.post h5{
  position: static;
  font-family: &quot;helvetica neue&quot;, helvetica, arial;
  font-size: 1.2em;
  color: #999;
  font-weight: normal;
  border-bottom: none;
  background: #fff;
}
.post.hentry{
  border-top: 1px solid #efefef;
  margin-top: -50px;
  border-bottom: none;
  padding-bottom: 0;
}
#coreContent .post .postMeta{
  margin: 20px 0 0;
  padding-top: 0;
  padding-bottom: 17px;
  text-align: left;
}
</style>
</b:if>
  </head>

  <body expr:class='&quot;loading&quot; + data:blog.mobileClass'>
  <div id='siteWrapper'>

    <b:section class='header' id='header' maxwidgets='1' showaddelement='no'>
<b:widget id='Header1' locked='true' title='Demo - Manifest (Header)' type='Header'>
<b:includable id='title'>
  <a class='fn' expr:href='data:blog.homepageUrl' title='Home'><data:title/></a>
</b:includable>
<b:includable id='description'>
  <data:description/>
</b:includable>
<b:includable id='main'>

  <b:if cond='data:useImage'>
    <b:if cond='data:imagePlacement == &quot;BEHIND&quot;'>
      <!--
      Show image as background to text. You can't really calculate the width
      reliably in JS because margins are not taken into account by any of
      clientWidth, offsetWidth or scrollWidth, so we don't force a minimum
      width if the user is using shrink to fit.
      This results in a margin-width's worth of pixels being cropped. If the
      user is not using shrink to fit then we expand the header.
      -->
      <b:if cond='data:mobile'>
          <div id='header-inner'>
            <div class='titlewrapper' style='background: transparent'>
              <h1 class='title' style='background: transparent; border-width: 0px'>
                <b:include name='title'/>
              </h1>
            </div>
            <b:include name='description'/>
          </div>
        <b:else/>
          <div expr:style='&quot;background-image: url(\&quot;&quot; + data:sourceUrl + &quot;\&quot;); &quot;                        + &quot;background-position: &quot;                        + data:backgroundPositionStyleStr + &quot;; &quot;                        + data:widthStyleStr                        + &quot;min-height: &quot; + data:height                        + &quot;_height: &quot; + data:height                        + &quot;background-repeat: no-repeat; &quot;' id='header-inner'>
            <div class='titlewrapper' style='background: transparent'>
              <h1 class='title' style='background: transparent; border-width: 0px'>
                <b:include name='title'/>
              </h1>
            </div>
            <b:include name='description'/>
          </div>
        </b:if>
    <b:else/>
      <!--Show the image only-->
      <div id='header-inner'>
        <a expr:href='data:blog.homepageUrl' style='display: block'>
          <img expr:alt='data:title' expr:height='data:height' expr:id='data:widget.instanceId + &quot;_headerimg&quot;' expr:src='data:sourceUrl' expr:width='data:width' style='display: block'/>
        </a>
        <!--Show the description-->
        <b:if cond='data:imagePlacement == &quot;BEFORE_DESCRIPTION&quot;'>
          <b:include name='description'/>
        </b:if>
      </div>
    </b:if>
  <b:else/>
    <!--No header image -->
    <h1 class='vcard author'><b:include name='title'/></h1>
    <div id='siteDescription'><b:include name='description'/></div>
  </b:if>
</b:includable>
</b:widget>
</b:section>

    <div id='mainNav'>
      <b:section id='menu' maxwidgets='1' showaddelement='yes'>
<b:widget id='PageList1' locked='false' title='' type='PageList'>
<b:includable id='main'>
  <div class='widget-content'>
    <b:if cond='data:mobile'>
      <select expr:id='data:widget.instanceId + &quot;_select&quot;'>
        <b:loop values='data:links' var='link'>
          <b:if cond='data:link.isCurrentPage'>
            <option expr:value='data:link.href' selected='selected'><data:link.title/></option>
          <b:else/>
            <option expr:value='data:link.href'><data:link.title/></option>
          </b:if>
        </b:loop>
      </select>
      <span class='pagelist-arrow'>&amp;#9660;</span>

    <b:else/>
      <ul>
        <b:loop values='data:links' var='link'>
          <b:if cond='data:link.isCurrentPage'>
            <li class='current_page_parent'><a expr:href='data:link.href' expr:title='data:link.title'><data:link.title/></a></li>
          <b:else/>
            <li><a expr:href='data:link.href' expr:title='data:link.title'><data:link.title/></a></li>
          </b:if>
        </b:loop>
      </ul>
    </b:if>
    <b:include name='quickedit'/>
  </div>
</b:includable>
</b:widget>
</b:section>
    </div>

    <div class='hfeed' id='coreContent'>
      <b:section class='main' id='main' showaddelement='yes'>
<b:widget id='Blog1' locked='true' title='Blog Posts' type='Blog'>
<b:includable id='nextprev'>
  <div class='pageNav'>
    <b:if cond='data:newerPageUrl'>
      <div class='next'>
      <a class='blog-pager-newer-link' expr:href='data:newerPageUrl' expr:id='data:widget.instanceId + &quot;_blog-pager-newer-link&quot;' expr:title='data:newerPageTitle'>Newer &#187;</a>
      </div>
    </b:if>

    <b:if cond='data:olderPageUrl'>
      <div class='prev'>
      <a class='blog-pager-older-link' expr:href='data:olderPageUrl' expr:id='data:widget.instanceId + &quot;_blog-pager-older-link&quot;' expr:title='data:olderPageTitle'>&#171; Older</a>
      </div>
    </b:if>

    <b:if cond='data:mobileLinkUrl'>
      <div class='blog-mobile-link'>
        <a expr:href='data:mobileLinkUrl'><data:mobileLinkMsg/></a>
      </div>
    </b:if>

  </div>
  <div class='clear'/>
</b:includable>
<b:includable id='shareButtons' var='post'>
  <b:if cond='data:top.showEmailButton'><a class='goog-inline-block share-button sb-email' expr:href='data:post.sharePostUrl + &quot;&amp;target=email&quot;' expr:title='data:top.emailThisMsg' target='_blank'><span class='share-button-link-text'><data:top.emailThisMsg/></span></a></b:if><b:if cond='data:top.showBlogThisButton'><a class='goog-inline-block share-button sb-blog' expr:href='data:post.sharePostUrl + &quot;&amp;target=blog&quot;' expr:onclick='&quot;window.open(this.href, \&quot;_blank\&quot;, \&quot;height=270,width=475\&quot;); return false;&quot;' expr:title='data:top.blogThisMsg' target='_blank'><span class='share-button-link-text'><data:top.blogThisMsg/></span></a></b:if><b:if cond='data:top.showTwitterButton'><a class='goog-inline-block share-button sb-twitter' expr:href='data:post.sharePostUrl + &quot;&amp;target=twitter&quot;' expr:title='data:top.shareToTwitterMsg' target='_blank'><span class='share-button-link-text'><data:top.shareToTwitterMsg/></span></a></b:if><b:if cond='data:top.showFacebookButton'><a class='goog-inline-block share-button sb-facebook' expr:href='data:post.sharePostUrl + &quot;&amp;target=facebook&quot;' expr:onclick='&quot;window.open(this.href, \&quot;_blank\&quot;, \&quot;height=430,width=640\&quot;); return false;&quot;' expr:title='data:top.shareToFacebookMsg' target='_blank'><span class='share-button-link-text'><data:top.shareToFacebookMsg/></span></a></b:if><b:if cond='data:top.showOrkutButton'><a class='goog-inline-block share-button sb-orkut' expr:href='data:post.sharePostUrl + &quot;&amp;target=orkut&quot;' expr:title='data:top.shareToOrkutMsg' target='_blank'><span class='share-button-link-text'><data:top.shareToOrkutMsg/></span></a></b:if><b:if cond='data:top.showDummy'><div class='goog-inline-block dummy-container'><data:post.dummyTag/></div></b:if>
</b:includable>
<b:includable id='threaded_comment_js' var='post'>
  <script async='async' expr:src='data:post.commentSrc' type='text/javascript'/>

  <script type='text/javascript'>
    (function() {
      var items = <data:post.commentJso/>;
      var msgs = <data:post.commentMsgs/>;
      var config = <data:post.commentConfig/>;

// <![CDATA[
      var cursor = null;
      if (items && items.length > 0) {
        cursor = parseInt(items[items.length - 1].timestamp) + 1;
      }

      var bodyFromEntry = function(entry) {
        if (entry.gd$extendedProperty) {
          for (var k in entry.gd$extendedProperty) {
            if (entry.gd$extendedProperty[k].name == 'blogger.contentRemoved') {
              return '<span class="deleted-comment">' + entry.content.$t + '</span>';
            }
          }
        }
        return entry.content.$t;
      }

      var parse = function(data) {
        cursor = null;
        var comments = [];
        if (data && data.feed && data.feed.entry) {
          for (var i = 0, entry; entry = data.feed.entry[i]; i++) {
            var comment = {};
            // comment ID, parsed out of the original id format
            var id = /blog-(\d+).post-(\d+)/.exec(entry.id.$t);
            comment.id = id ? id[2] : null;
            comment.body = bodyFromEntry(entry);
            comment.timestamp = Date.parse(entry.published.$t) + '';
            if (entry.author && entry.author.constructor === Array) {
              var auth = entry.author[0];
              if (auth) {
                comment.author = {
                  name: (auth.name ? auth.name.$t : undefined),
                  profileUrl: (auth.uri ? auth.uri.$t : undefined),
                  avatarUrl: (auth.gd$image ? auth.gd$image.src : undefined)
                };
              }
            }
            if (entry.link) {
              if (entry.link[2]) {
                comment.link = comment.permalink = entry.link[2].href;
              }
              if (entry.link[3]) {
                var pid = /.*comments\/default\/(\d+)\?.*/.exec(entry.link[3].href);
                if (pid && pid[1]) {
                  comment.parentId = pid[1];
                }
              }
            }
            comment.deleteclass = 'item-control blog-admin';
            if (entry.gd$extendedProperty) {
              for (var k in entry.gd$extendedProperty) {
                if (entry.gd$extendedProperty[k].name == 'blogger.itemClass') {
                  comment.deleteclass += ' ' + entry.gd$extendedProperty[k].value;
                }
              }
            }
            comments.push(comment);
          }
        }
        return comments;
      };

      var paginator = function(callback) {
        if (hasMore()) {
          var url = config.feed + '?alt=json&v=2&orderby=published&reverse=false&max-results=50';
          if (cursor) {
            url += '&published-min=' + new Date(cursor).toISOString();
          }
          window.bloggercomments = function(data) {
            var parsed = parse(data);
            cursor = parsed.length < 50 ? null
                : parseInt(parsed[parsed.length - 1].timestamp) + 1
            callback(parsed);
            window.bloggercomments = null;
          }
          url += '&callback=bloggercomments';
          var script = document.createElement('script');
          script.type = 'text/javascript';
          script.src = url;
          document.getElementsByTagName('head')[0].appendChild(script);
        }
      };
      var hasMore = function() {
        return !!cursor;
      };
      var getMeta = function(key, comment) {
        if ('iswriter' == key) {
          var matches = !!comment.author
              && comment.author.name == config.authorName
              && comment.author.profileUrl == config.authorUrl;
          return matches ? 'true' : '';
        } else if ('deletelink' == key) {
          return config.baseUri + '/delete-comment.g?blogID='
               + config.blogId + '&postID=' + comment.id;
        } else if ('deleteclass' == key) {
          return comment.deleteclass;
        }
        return '';
      };

      var replybox = null;
      var replyUrlParts = null;
      var replyParent = undefined;

      var onReply = function(commentId, domId) {
        if (replybox == null) {
          // lazily cache replybox, and adjust to suit this style:
          replybox = document.getElementById('comment-editor');
          if (replybox != null) {
            replybox.height = '250px';
            replybox.style.display = 'block';
            replyUrlParts = replybox.src.split('#');
          }
        }
        if (replybox && (commentId !== replyParent)) {
          document.getElementById(domId).insertBefore(replybox, null);
          replybox.src = replyUrlParts[0]
              + (commentId ? '&parentID=' + commentId : '')
              + '#' + replyUrlParts[1];
          replyParent = commentId;
        }
      };

      var hash = (window.location.hash || '#').substring(1);
      var startThread, targetComment;
      if (/^comment-form_/.test(hash)) {
        startThread = hash.substring('comment-form_'.length);
      } else if (/^c[0-9]+$/.test(hash)) {
        targetComment = hash.substring(1);
      }

      // Configure commenting API:
      var configJso = {
        'maxDepth': config.maxThreadDepth
      };
      var provider = {
        'id': config.postId,
        'data': items,
        'loadNext': paginator,
        'hasMore': hasMore,
        'getMeta': getMeta,
        'onReply': onReply,
        'rendered': true,
        'initComment': targetComment,
        'initReplyThread': startThread,
        'config': configJso,
        'messages': msgs
      };

      var render = function() {
        if (window.goog && window.goog.comments) {
          var holder = document.getElementById('comment-holder');
          window.goog.comments.render(holder, provider);
        }
      };

      // render now, or queue to render when library loads:
      if (window.goog && window.goog.comments) {
        render();
      } else {
        window.goog = window.goog || {};
        window.goog.comments = window.goog.comments || {};
        window.goog.comments.loadQueue = window.goog.comments.loadQueue || [];
        window.goog.comments.loadQueue.push(render);
      }
    })();
// ]]>
  </script>
</b:includable>
<b:includable id='backlinks' var='post'>
  <a name='links'/><h4><data:post.backlinksLabel/></h4>
  <b:if cond='data:post.numBacklinks != 0'>
    <dl class='comments-block' id='comments-block'>
      <b:loop values='data:post.backlinks' var='backlink'>
        <div class='collapsed-backlink backlink-control'>
          <dt class='comment-title'>
            <span class='backlink-toggle-zippy'>&#160;</span>
            <a expr:href='data:backlink.url' rel='nofollow'><data:backlink.title/></a>
            <b:include data='backlink' name='backlinkDeleteIcon'/>
          </dt>
          <dd class='comment-body collapseable'>
            <data:backlink.snippet/>
          </dd>
          <dd class='comment-footer collapseable'>
            <span class='comment-author'><data:post.authorLabel/> <data:backlink.author/></span>
            <span class='comment-timestamp'><data:post.timestampLabel/> <data:backlink.timestamp/></span>
          </dd>
        </div>
      </b:loop>
    </dl>
  </b:if>
  <p class='comment-footer'>
    <a class='comment-link' expr:href='data:post.createLinkUrl' expr:id='data:widget.instanceId + &quot;_backlinks-create-link&quot;' target='_blank'><data:post.createLinkLabel/></a>
  </p>
</b:includable>
<b:includable id='mobile-main' var='top'>
    <!-- posts -->
    <div class='blog-posts hfeed'>

      <b:include data='top' name='status-message'/>

      <b:if cond='data:blog.pageType == &quot;index&quot;'>
        <b:loop values='data:posts' var='post'>
          <b:include data='post' name='mobile-index-post'/>
        </b:loop>
      <b:else/>
        <b:loop values='data:posts' var='post'>
          <b:include data='post' name='mobile-post'/>
        </b:loop>
      </b:if>
    </div>

   <b:include name='mobile-nextprev'/>
</b:includable>
<b:includable id='post' var='post'>
  <div class='post hentry' itemscope='itemscope' itemtype='http://schema.org/BlogPosting'>

    <b:if cond='data:blog.pageType != &quot;item&quot;'>
    <b:if cond='data:post.dateHeader'>
      <h5 class='postDate'><abbr class='published'><data:post.dateHeader/></abbr></h5>
    </b:if>
    </b:if>

    <div class='postContent'>
    <a expr:name='data:post.id'/>
    <b:if cond='data:post.title'>
      <h3 class='entry-title' itemprop='name'>
      <b:if cond='data:post.link'>
        <a expr:href='data:post.link' rel='bookmark'><data:post.title/></a>
      <b:else/>
        <b:if cond='data:post.url'>
          <b:if cond='data:blog.url != data:post.url'>
            <a expr:href='data:post.url' rel='bookmark'><data:post.title/></a>
          <b:else/>
            <data:post.title/>
          </b:if>
        <b:else/>
          <data:post.title/>
        </b:if>
      </b:if>
      </h3>
    </b:if>

    <b:if cond='data:blog.pageType == &quot;item&quot;'>
    <b:if cond='data:top.showAuthor'>
      <h4 class='vcard author'>by
        <b:if cond='data:post.authorProfileUrl'>
          <span class='fn'>
            <a expr:href='data:post.authorProfileUrl' itemprop='author' rel='author' title='author profile'>
              <data:post.author/>
            </a>
          </span>
        <b:else/>
          <span class='fn'><data:post.author/></span>
        </b:if>
      </h4>
    </b:if>
    </b:if>
    
    <div class='entry-content' expr:id='&quot;post-body-&quot; + data:post.id' itemprop='articleBody'>
      <p><data:post.body/></p>
      <div style='clear: both;'/> <!-- clear for photos floats -->
      <b:if cond='data:post.hasJumpLink'>
      <p>
        <a expr:href='data:post.url + &quot;#more&quot;' expr:title='data:post.title'><data:post.jumpText/></a>
      </p>
      </b:if>
    </div>
    
    </div>

    <div class='postMeta'>
      <div class='comments'>
        <b:if cond='data:blog.pageType != &quot;item&quot;'>
          <b:if cond='data:blog.pageType != &quot;static_page&quot;'>
            <b:if cond='data:post.allowComments'>
              <a class='comment-link' expr:href='data:post.addCommentUrl' expr:onclick='data:post.addCommentOnclick' expr:title='&quot;Comment on &quot; + data:post.title'><b:if cond='data:post.numComments == 0'>leave a comment<b:else/><b:if cond='data:post.numComments == 1'>1 comment<b:else/><data:post.numComments/> comments</b:if></b:if></a><b:else/><div class='comments closed'><span>comments closed</span></div>
            </b:if>
          </b:if>
        </b:if>
      </div>
    </div>

    <b:if cond='data:blog.pageType == &quot;item&quot;'>
    <div class='postMeta'>
      <div class='postDate'>
        <b:if cond='data:post.dateHeader'>
          <span>Published:</span> <abbr class='published' expr:title='data:post.timestampISO8601'><a expr:href='data:post.url'><data:post.dateHeader/></a></abbr>
        </b:if>
      </div>
      <div class='categories'>
        <b:if cond='data:post.labels'>
          <span>Filed Under:</span>
          <b:loop values='data:post.labels' var='label'>
            <a expr:href='data:label.url' expr:title='&quot;View all posts in &quot; + data:label.name' rel='tag'><data:label.name/></a><b:if cond='data:label.isLast != &quot;true&quot;'>,</b:if>
          </b:loop>
        </b:if>
      </div>
    </div>
    </b:if>

    <div class='post-footer'>
    <div class='post-footer-line post-footer-line-1'>  
      <span class='post-icons'>
        <!-- email post links -->
        <b:if cond='data:post.emailPostUrl'>
          <span class='item-action'>
          <a expr:href='data:post.emailPostUrl' expr:title='data:top.emailPostMsg'>
              <img alt='' class='icon-action' height='13' src='http://img1.blogblog.com/img/icon18_email.gif' width='18'/>
          </a>
          </span>
        </b:if>

        <!-- quickedit pencil -->
        <b:include data='post' name='postQuickEdit'/>
      </span> <div class='post-share-buttons goog-inline-block'>
        <b:if cond='data:post.sharePostUrl'>
          <b:include data='post' name='shareButtons'/>
        </b:if>
      </div> </div>

      <div class='post-footer-line post-footer-line-3'><span class='post-location'>
        <b:if cond='data:top.showLocation'>
          <b:if cond='data:post.location'>
            <data:postLocationLabel/>
            <a expr:href='data:post.location.mapsUrl' target='_blank'><data:post.location.name/></a>
          </b:if>
        </b:if>
      </span> </div>
    </div>
    
  </div>
</b:includable>
<b:includable id='status-message'>
  <b:if cond='data:blog.pageType == &quot;archive&quot;'>
    <h2 class='archiveTitle'>Archive for <strong><data:blog.pageName/></strong></h2>
  </b:if>
  <b:if cond='data:navMessage'>
    <h2 class='archiveTitle'><data:navMessage/></h2>
  </b:if>
</b:includable>
<b:includable id='comment-form' var='post'>
  <div id='respond'>
    <a name='comment-form'/>
    <b:if cond='data:mobile'>
      <h4 id='comment-post-message'>
        <a expr:id='data:widget.instanceId + &quot;_comment-editor-toggle-link&quot;' href='javascript:void(0)'><data:postCommentMsg/></a></h4>
      <p><data:blogCommentMessage/></p>
      <data:blogTeamBlogMessage/>
      <a expr:href='data:post.commentFormIframeSrc' id='comment-editor-src'/>
      <iframe allowtransparency='true' class='blogger-iframe-colorize blogger-comment-from-post' frameborder='0' height='410' id='comment-editor' name='comment-editor' src='' style='display: none' width='100%'/>
    <b:else/>
      <legend><span>Leave a Comment</span></legend>
      <p><data:blogCommentMessage/></p>
      <data:blogTeamBlogMessage/>
      <a expr:href='data:post.commentFormIframeSrc' id='comment-editor-src'/>
      <iframe allowtransparency='true' class='blogger-iframe-colorize blogger-comment-from-post' frameborder='0' height='410' id='comment-editor' name='comment-editor' src='' width='100%'/>
    </b:if>
    <data:post.friendConnectJs/>
    <data:post.cmtfpIframe/>
    <script type='text/javascript'>
      BLOG_CMT_createIframe(&#39;<data:post.appRpcRelayPath/>&#39;, &#39;<data:post.communityId/>&#39;);
    </script>
  </div>
</b:includable>
<b:includable id='threaded_comments' var='post'>
  <div id='comments'>
    <a name='comments'/>
    <b:if cond='data:post.numComments != 0'>
      <h3 id='comments'>
        <b:if cond='data:post.numComments == 1'>
          One Response to &#8220;<data:post.title/>&#8221;
        <b:else/>
          <data:post.numComments/> Responses to &#8220;<data:post.title/>&#8221;
        </b:if>
      </h3>
    </b:if>

    <div class='comments-content'>
      <b:if cond='data:post.embedCommentForm'>
        <b:include data='post' name='threaded_comment_js'/>
      </b:if>
      <div id='comment-holder'>
         <data:post.commentHtml/>
      </div>
    </div>

    <p class='comment-footer'>
      <b:if cond='data:post.allowNewComments'>
        <b:include data='post' name='threaded-comment-form'/>
      <b:else/>
        <data:post.noNewCommentsText/>
      </b:if>
    </p>

    <b:if cond='data:showCmtPopup'>
      <div id='comment-popup'>
        <iframe allowtransparency='true' frameborder='0' id='comment-actions' name='comment-actions' scrolling='no'>
        </iframe>
      </div>
    </b:if>

    <div id='backlinks-container'>
    <div expr:id='data:widget.instanceId + &quot;_backlinks-container&quot;'>
       <b:if cond='data:post.showBacklinks'>
         <b:include data='post' name='backlinks'/>
       </b:if>
    </div>
    </div>
  </div>
</b:includable>
<b:includable id='backlinkDeleteIcon' var='backlink'>
  <span expr:class='&quot;item-control &quot; + data:backlink.adminClass'>
    <a expr:href='data:backlink.deleteUrl' expr:title='data:top.deleteBacklinkMsg'>
      <img src='//www.blogger.com/img/icon_delete13.gif'/>
    </a>
  </span>
</b:includable>
<b:includable id='mobile-nextprev'>
  <div class='blog-pager' id='blog-pager'>
    <b:if cond='data:newerPageUrl'>
      <div class='mobile-link-button' id='blog-pager-newer-link'>
      <a class='blog-pager-newer-link' expr:href='data:newerPageUrl' expr:id='data:widget.instanceId + &quot;_blog-pager-newer-link&quot;' expr:title='data:newerPageTitle'>&amp;lsaquo;</a>
      </div>
    </b:if>

    <b:if cond='data:olderPageUrl'>
      <div class='mobile-link-button' id='blog-pager-older-link'>
      <a class='blog-pager-older-link' expr:href='data:olderPageUrl' expr:id='data:widget.instanceId + &quot;_blog-pager-older-link&quot;' expr:title='data:olderPageTitle'>&amp;rsaquo;</a>
      </div>
    </b:if>

    <div class='mobile-link-button' id='blog-pager-home-link'>
    <a class='home-link' expr:href='data:blog.homepageUrl'><data:homeMsg/></a>
    </div>

    <div class='mobile-desktop-link'>
      <a class='home-link' expr:href='data:desktopLinkUrl'><data:desktopLinkMsg/></a>
    </div>

  </div>
  <div class='clear'/>
</b:includable>
<b:includable id='singlenextprev'>
  <div class='pageNav'>
    <b:if cond='data:newerPageUrl'>
      <div class='next'>
      <a class='blog-pager-newer-link' expr:href='data:newerPageUrl' expr:id='data:widget.instanceId + &quot;_blog-pager-newer-link&quot;' expr:title='data:newerPageTitle'>Next Post &#187;</a>
      </div>
    </b:if>

    <b:if cond='data:olderPageUrl'>
      <div class='prev'>
      <a class='blog-pager-older-link' expr:href='data:olderPageUrl' expr:id='data:widget.instanceId + &quot;_blog-pager-older-link&quot;' expr:title='data:olderPageTitle'>&#171; Previous Post</a>
      </div>
    </b:if>

    <b:if cond='data:mobileLinkUrl'>
      <div class='blog-mobile-link'>
        <a expr:href='data:mobileLinkUrl'><data:mobileLinkMsg/></a>
      </div>
    </b:if>

  </div>
  <div class='clear'/>
</b:includable>
<b:includable id='mobile-post' var='post'>
  <div class='date-outer'>
    <b:if cond='data:post.dateHeader'>
      <h2 class='date-header'><span><data:post.dateHeader/></span></h2>
    </b:if>
    <div class='date-posts'>
      <div class='post-outer'>

        <div class='post hentry uncustomized-post-template' itemscope='itemscope' itemtype='http://schema.org/BlogPosting'>
          <a expr:name='data:post.id'/>
          <b:if cond='data:post.title'>
            <h3 class='post-title entry-title' itemprop='name'>
              <b:if cond='data:post.link'>
                <a expr:href='data:post.link'><data:post.title/></a>
              <b:else/>
                <b:if cond='data:post.url'>
                  <b:if cond='data:blog.url != data:post.url'>
                    <a expr:href='data:post.url'><data:post.title/></a>
                  <b:else/>
                    <data:post.title/>
                  </b:if>
                <b:else/>
                  <data:post.title/>
                </b:if>
              </b:if>
            </h3>
          </b:if>

          <div class='post-header'>
            <div class='post-header-line-1'/>
          </div>

          <div class='post-body entry-content' expr:id='&quot;post-body-&quot; + data:post.id' itemprop='articleBody'>
            <data:post.body/>
            <div style='clear: both;'/> <!-- clear for photos floats -->
          </div>

          <div class='post-footer'>
            <div class='post-footer-line post-footer-line-1'>
              <span class='post-author vcard'>
                <b:if cond='data:top.showAuthor'>
                  <b:if cond='data:post.authorProfileUrl'>
                    <span class='fn'>
                      <a expr:href='data:post.authorProfileUrl' itemprop='author' rel='author' title='author profile'>
                        <data:post.author/>
                      </a>
                    </span>
                  <b:else/>
                    <span class='fn'><data:post.author/></span>
                  </b:if>
                </b:if>
              </span>

              <span class='post-timestamp'>
                <b:if cond='data:top.showTimestamp'>
                  <data:top.timestampLabel/>
                  <b:if cond='data:post.url'>
                    <a class='timestamp-link' expr:href='data:post.url' itemprop='url' rel='bookmark' title='permanent link'><abbr class='published' expr:title='data:post.timestampISO8601' itemprop='datePublished'><data:post.timestamp/></abbr></a>
                  </b:if>
                </b:if>
              </span>

              <span class='post-comment-link'>
                <b:if cond='data:blog.pageType != &quot;item&quot;'>
                  <b:if cond='data:blog.pageType != &quot;static_page&quot;'>
                    <b:if cond='data:post.allowComments'>
                      <a class='comment-link' expr:href='data:post.addCommentUrl' expr:onclick='data:post.addCommentOnclick'><b:if cond='data:post.numComments == 1'>1 <data:top.commentLabel/><b:else/><data:post.numComments/> <data:top.commentLabelPlural/></b:if></a>
                    </b:if>
                  </b:if>
                </b:if>
              </span>
            </div>

            <div class='post-footer-line post-footer-line-2'>
              <b:if cond='data:top.showMobileShare'>
                <div class='mobile-link-button goog-inline-block' id='mobile-share-button'>
                  <a href='javascript:void(0);'><data:shareMsg/></a>
                </div>
              </b:if>
              <b:if cond='data:top.showDummy'>
                <div class='goog-inline-block dummy-container'><data:post.dummyTag/></div>
              </b:if>
            </div>

          </div>
        </div>

        <b:if cond='data:blog.pageType == &quot;static_page&quot;'>
          <b:if cond='data:post.showThreadedComments'>
            <b:include data='post' name='threaded_comments'/>
          <b:else/>
            <b:include data='post' name='comments'/>
          </b:if>
        </b:if>
        <b:if cond='data:blog.pageType == &quot;item&quot;'>
          <b:if cond='data:post.showThreadedComments'>
            <b:include data='post' name='threaded_comments'/>
          <b:else/>
            <b:include data='post' name='comments'/>
          </b:if>
        </b:if>
      </div>
    </div>
  </div>
</b:includable>
<b:includable id='postQuickEdit' var='post'>
  <b:if cond='data:post.editUrl'>
    <span expr:class='&quot;item-control &quot; + data:post.adminClass'>
      <a expr:href='data:post.editUrl' expr:title='data:top.editPostMsg'>
        <img alt='' class='icon-action' height='18' src='http://img2.blogblog.com/img/icon18_edit_allbkg.gif' width='18'/>
      </a>
    </span>
  </b:if>
</b:includable>
<b:includable id='main' var='top'>
  <b:if cond='data:mobile == &quot;false&quot;'>

    <!-- posts -->
    <div class='blog-posts hfeed'>

      <b:include data='top' name='status-message'/>

      <data:defaultAdStart/>
      <b:loop values='data:posts' var='post'>
        <b:if cond='data:post.isDateStart'>
          <b:if cond='data:post.isFirstPost == &quot;false&quot;'>
            &lt;/div&gt;&lt;/div&gt;
          </b:if>
        </b:if>
        <b:if cond='data:post.isDateStart'>
          &lt;div class=&quot;date-outer&quot;&gt;
        </b:if>
        <b:if cond='data:post.isDateStart'>
          &lt;div class=&quot;date-posts&quot;&gt;
        </b:if>
        <div class='post-outer'>
        <b:include data='post' name='post'/>
        <b:if cond='data:blog.pageType == &quot;static_page&quot;'>
          <b:if cond='data:post.showThreadedComments'>
            <b:include data='post' name='threaded_comments'/>
          <b:else/>
            <b:include data='post' name='comments'/>
          </b:if>
        </b:if>
        <b:if cond='data:blog.pageType == &quot;item&quot;'>
          <b:if cond='data:post.showThreadedComments'>
            <b:include data='post' name='threaded_comments'/>
          <b:else/>
            <b:include data='post' name='comments'/>
          </b:if>
        </b:if>
        </div>
        <b:if cond='data:post.includeAd'>
          <b:if cond='data:post.isFirstPost'>
            <data:defaultAdEnd/>
          <b:else/>
            <data:adEnd/>
          </b:if>
          <div class='inline-ad'>
            <data:adCode/>
          </div>
          <data:adStart/>
        </b:if>
      </b:loop>
      <b:if cond='data:numPosts != 0'>
        &lt;/div&gt;&lt;/div&gt;
      </b:if>
      <data:adEnd/>
    </div>

    <div class='clear'/>
    <b:if cond='data:blog.pageType != &quot;item&quot;'>
      <!-- navigation -->
      <b:include name='nextprev'/>
    <b:else/>
      <b:include name='singlenextprev'/>
    </b:if>

    <b:if cond='data:top.showStars'>
      <script src='//www.google.com/jsapi' type='text/javascript'/>
      <script type='text/javascript'>
        google.load(&quot;annotations&quot;, &quot;1&quot;, {&quot;locale&quot;: &quot;<data:top.languageCode/>&quot;});
        function initialize() {
          google.annotations.setApplicationId(<data:top.blogspotReviews/>);
          google.annotations.createAll();
          google.annotations.fetch();
        }
        google.setOnLoadCallback(initialize);
      </script>
    </b:if>

  <b:else/>
    <b:include name='mobile-main'/>
  </b:if>

  <b:if cond='data:top.showDummy'>
    <data:top.dummyBootstrap/>
  </b:if>

</b:includable>
<b:includable id='commentDeleteIcon' var='comment'>
  <span expr:class='&quot;item-control &quot; + data:comment.adminClass'>
    <b:if cond='data:showCmtPopup'>
      <div class='goog-toggle-button'>
        <div class='goog-inline-block comment-action-icon'/>
      </div>
    <b:else/>
      <a class='comment-delete' expr:href='data:comment.deleteUrl' expr:title='data:top.deleteCommentMsg'>
        <img src='//www.blogger.com/img/icon_delete13.gif'/>
      </a>
    </b:if>
  </span>
</b:includable>
<b:includable id='feedLinks'>
  <b:if cond='data:blog.pageType != &quot;item&quot;'> <!-- Blog feed links -->
    <b:if cond='data:feedLinks'>
      <div class='blog-feeds'>
        <b:include data='feedLinks' name='feedLinksBody'/>
      </div>
    </b:if>

    <b:else/> <!--Post feed links -->
    <div class='post-feeds'>
      <b:loop values='data:posts' var='post'>
        <b:if cond='data:post.allowComments'>
          <b:if cond='data:post.feedLinks'>
            <b:include data='post.feedLinks' name='feedLinksBody'/>
          </b:if>
        </b:if>
      </b:loop>
    </div>
  </b:if>
</b:includable>
<b:includable id='threaded-comment-form' var='post'>
  <div id='respond'>
    <a name='comment-form'/>
    <b:if cond='data:mobile'>
      <p><data:blogCommentMessage/></p>
      <data:blogTeamBlogMessage/>
      <a expr:href='data:post.commentFormIframeSrc' id='comment-editor-src'/>
      <iframe allowtransparency='true' class='blogger-iframe-colorize blogger-comment-from-post' frameborder='0' height='410' id='comment-editor' name='comment-editor' src='' style='display: none' width='100%'/>
    <b:else/>
      <p><data:blogCommentMessage/></p>
      <data:blogTeamBlogMessage/>
      <a expr:href='data:post.commentFormIframeSrc' id='comment-editor-src'/>
      <iframe allowtransparency='true' class='blogger-iframe-colorize blogger-comment-from-post' frameborder='0' height='410' id='comment-editor' name='comment-editor' src='' width='100%'/>
    </b:if>
    <data:post.friendConnectJs/>
    <data:post.cmtfpIframe/>
    <script type='text/javascript'>
      BLOG_CMT_createIframe(&#39;<data:post.appRpcRelayPath/>&#39;, &#39;<data:post.communityId/>&#39;);
    </script>
  </div>
</b:includable>
<b:includable id='mobile-index-post' var='post'>
  <div class='mobile-date-outer date-outer'>
    <b:if cond='data:post.dateHeader'>
      <div class='date-header'>
        <span><data:post.dateHeader/></span>
      </div>
    </b:if>

    <div class='mobile-post-outer'>
      <a expr:href='data:post.url'>
        <h3 class='mobile-index-title entry-title' itemprop='name'>
          <data:post.title/>
        </h3>

        <div class='mobile-index-arrow'>&amp;rsaquo;</div>

        <div class='mobile-index-contents'>
          <b:if cond='data:post.thumbnailUrl'>
            <div class='mobile-index-thumbnail'>
              <div class='Image'>
                <img expr:src='data:post.thumbnailUrl'/>
              </div>
            </div>
          </b:if>

          <div class='post-body'>
            <b:if cond='data:post.snippet'><data:post.snippet/></b:if>
          </div>
        </div>

        <div style='clear: both;'/>
      </a>

      <div class='mobile-index-comment'>
        <b:if cond='data:blog.pageType != &quot;static_page&quot;'>
          <b:if cond='data:post.allowComments'>
            <b:if cond='data:post.numComments != 0'>
              <a class='comment-link' expr:href='data:post.addCommentUrl' expr:onclick='data:post.addCommentOnclick'><b:if cond='data:post.numComments == 1'>1 <data:top.commentLabel/><b:else/><data:post.numComments/> <data:top.commentLabelPlural/></b:if></a>
            </b:if>
          </b:if>
        </b:if>
      </div>
    </div>
  </div>
</b:includable>
<b:includable id='feedLinksBody' var='links'>
  <div class='feed-links'>
  <data:feedLinksMsg/>
  <b:loop values='data:links' var='f'>
     <a class='feed-link' expr:href='data:f.url' expr:type='data:f.mimeType' target='_blank'><data:f.name/> (<data:f.feedType/>)</a>
  </b:loop>
  </div>
</b:includable>
<b:includable id='comments' var='post'>
  <div id='comments'>
    <a name='comments'/>
    <b:if cond='data:post.allowComments'>
      <b:if cond='data:post.numComments != 0'>
      <h3 id='comments'>
        <b:if cond='data:post.numComments == 1'>
          One Response to &#8220;<data:post.title/>&#8221;
        <b:else/>
          <data:post.numComments/> Responses to &#8220;<data:post.title/>&#8221;
        </b:if>
      </h3>
      </b:if>

      <b:if cond='data:post.commentPagingRequired'>
        <span class='paging-control-container'>
          <a expr:class='data:post.oldLinkClass' expr:href='data:post.oldestLinkUrl'><data:post.oldestLinkText/></a>
          &#160;
          <a expr:class='data:post.oldLinkClass' expr:href='data:post.olderLinkUrl'><data:post.olderLinkText/></a>
          &#160;
          <data:post.commentRangeText/>
          &#160;
          <a expr:class='data:post.newLinkClass' expr:href='data:post.newerLinkUrl'><data:post.newerLinkText/></a>
          &#160;
          <a expr:class='data:post.newLinkClass' expr:href='data:post.newestLinkUrl'><data:post.newestLinkText/></a>
        </span>
      </b:if>

      <div expr:id='data:widget.instanceId + &quot;_comments-block-wrapper&quot;'>
        <dl expr:class='data:post.avatarIndentClass' id='comments-block'>
          <b:loop values='data:post.comments' var='comment'>
            <dt expr:class='&quot;comment-author &quot; + data:comment.authorClass' expr:id='data:comment.anchorName'>
              <b:if cond='data:comment.favicon'>
                <img expr:src='data:comment.favicon' height='16px' style='margin-bottom:-2px;' width='16px'/>
              </b:if>
              <a expr:name='data:comment.anchorName'/>
              <b:if cond='data:blog.enabledCommentProfileImages'>
                <data:comment.authorAvatarImage/>
              </b:if>
              <b:if cond='data:comment.authorUrl'>
                <a expr:href='data:comment.authorUrl' rel='nofollow'><data:comment.author/></a>
              <b:else/>
                <data:comment.author/>
              </b:if>
              <data:commentPostedByMsg/>
            </dt>
            <dd class='comment-body' expr:id='data:widget.instanceId + data:comment.cmtBodyIdPostfix'>
              <b:if cond='data:comment.isDeleted'>
                <span class='deleted-comment'><data:comment.body/></span>
              <b:else/>
                <p>
                  <data:comment.body/>
                </p>
              </b:if>
            </dd>
            <dd class='comment-footer'>
              <span class='comment-timestamp'>
                <a expr:href='data:comment.url' title='comment permalink'>
                  <data:comment.timestamp/>
                </a>
                <b:include data='comment' name='commentDeleteIcon'/>
              </span>
            </dd>
          </b:loop>
        </dl>
      </div>

      <b:if cond='data:post.commentPagingRequired'>
        <span class='paging-control-container'>
          <a expr:class='data:post.oldLinkClass' expr:href='data:post.oldestLinkUrl'>
            <data:post.oldestLinkText/>
          </a>
          <a expr:class='data:post.oldLinkClass' expr:href='data:post.olderLinkUrl'>
            <data:post.olderLinkText/>
          </a>
          &#160;
          <data:post.commentRangeText/>
          &#160;
          <a expr:class='data:post.newLinkClass' expr:href='data:post.newerLinkUrl'>
            <data:post.newerLinkText/>
          </a>
          <a expr:class='data:post.newLinkClass' expr:href='data:post.newestLinkUrl'>
            <data:post.newestLinkText/>
          </a>
        </span>
      </b:if>

      <p class='comment-footer'>
        <b:if cond='data:post.embedCommentForm'>
          <b:if cond='data:post.allowNewComments'>
            <b:include data='post' name='comment-form'/>
          <b:else/>
            <data:post.noNewCommentsText/>
          </b:if>
        <b:else/>
          <b:if cond='data:post.allowComments'>
            <a expr:href='data:post.addCommentUrl' expr:onclick='data:post.addCommentOnclick'><data:postCommentMsg/></a>
          </b:if>
        </b:if>

      </p>
    </b:if>
    <b:if cond='data:showCmtPopup'>
      <div id='comment-popup'>
        <iframe allowtransparency='true' frameborder='0' id='comment-actions' name='comment-actions' scrolling='no'>
        </iframe>
      </div>
    </b:if>

    <div id='backlinks-container'>
    <div expr:id='data:widget.instanceId + &quot;_backlinks-container&quot;'>
       <b:if cond='data:post.showBacklinks'>
         <b:include data='post' name='backlinks'/>
       </b:if>
    </div>
    </div>
  </div>
</b:includable>
</b:widget>
</b:section>
    </div>

  </div>

  <div id='footer'>
    <b:section id='footer1' showaddelement='yes'>
<b:widget id='Label1' locked='false' title='Categories' type='Label'>
<b:includable id='main'>
  <b:if cond='data:title'>
    <h2><data:title/></h2>
  </b:if>
  <div expr:class='&quot;widget-content &quot; + data:display + &quot;-label-widget-content&quot;'>
    <b:if cond='data:display == &quot;list&quot;'>
      <ul>
      <b:loop values='data:labels' var='label'>
        <li>
          <b:if cond='data:blog.url == data:label.url'>
            <span expr:dir='data:blog.languageDirection'><data:label.name/></span>
          <b:else/>
            <a expr:dir='data:blog.languageDirection' expr:href='data:label.url'><data:label.name/></a>
          </b:if>
          <b:if cond='data:showFreqNumbers'>
            <span dir='ltr'>(<data:label.count/>)</span>
          </b:if>
        </li>
      </b:loop>
      </ul>
    <b:else/>
      <b:loop values='data:labels' var='label'>
        <span expr:class='&quot;label-size label-size-&quot; + data:label.cssSize'>
          <b:if cond='data:blog.url == data:label.url'>
            <span expr:dir='data:blog.languageDirection'><data:label.name/></span>
          <b:else/>
            <a expr:dir='data:blog.languageDirection' expr:href='data:label.url'><data:label.name/></a>
          </b:if>
          <b:if cond='data:showFreqNumbers'>
            <span class='label-count' dir='ltr'>(<data:label.count/>)</span>
          </b:if>
        </span>
      </b:loop>
    </b:if>
    <b:include name='quickedit'/>
  </div>
</b:includable>
</b:widget>
<b:widget id='BlogArchive1' locked='false' title='Archives' type='BlogArchive'>
<b:includable id='main'>
  <b:if cond='data:title'>
    <h2><data:title/></h2>
  </b:if>
  <div class='widget-content'>
  <div id='ArchiveList'>
  <div expr:id='data:widget.instanceId + &quot;_ArchiveList&quot;'>
    <b:if cond='data:style == &quot;HIERARCHY&quot;'>
     <b:include data='data' name='interval'/>
    </b:if>
    <b:if cond='data:style == &quot;FLAT&quot;'>
      <b:include data='data' name='flat'/>
    </b:if>
    <b:if cond='data:style == &quot;MENU&quot;'>
      <b:include data='data' name='menu'/>
    </b:if>
  </div>
  </div>
  <b:include name='quickedit'/>
  </div>
</b:includable>
<b:includable id='flat' var='data'>
  <ul class='flat'>
    <b:loop values='data:data' var='i'>
      <li class='archivedate'>
        <a expr:href='data:i.url'><data:i.name/></a> (<data:i.post-count/>)
      </li>
    </b:loop>
  </ul>
</b:includable>
<b:includable id='menu' var='data'>
  <select expr:id='data:widget.instanceId + &quot;_ArchiveMenu&quot;'>
    <option value=''><data:title/></option>
    <b:loop values='data:data' var='i'>
      <option expr:value='data:i.url'><data:i.name/> (<data:i.post-count/>)</option>
    </b:loop>
  </select>
</b:includable>
<b:includable id='interval' var='intervalData'>
  <b:loop values='data:intervalData' var='i'>
      <ul class='hierarchy'>
        <li expr:class='&quot;archivedate &quot; + data:i.expclass'>
          <b:include data='i' name='toggle'/>
          <a class='post-count-link' expr:href='data:i.url'><data:i.name/></a>
            <span class='post-count' dir='ltr'>(<data:i.post-count/>)</span>
          <b:if cond='data:i.data'>
            <b:include data='i.data' name='interval'/>
          </b:if>
          <b:if cond='data:i.posts'>
            <b:include data='i.posts' name='posts'/>
          </b:if>
        </li>
      </ul>
  </b:loop>
</b:includable>
<b:includable id='toggle' var='interval'>
  <b:if cond='data:interval.toggleId'>
  <b:if cond='data:interval.expclass == &quot;expanded&quot;'>
    <a class='toggle' href='javascript:void(0)'>
      <span class='zippy toggle-open'>&#9660;&#160;</span>
    </a>
  <b:else/>
    <a class='toggle' href='javascript:void(0)'>
      <span class='zippy'>
        <b:if cond='data:blog.languageDirection == &quot;rtl&quot;'>
          &#9668;&#160;
        <b:else/>
          &#9658;&#160;
        </b:if>
      </span>
    </a>
  </b:if>
 </b:if>
</b:includable>
<b:includable id='posts' var='posts'>
  <ul class='posts'>
    <b:loop values='data:posts' var='i'>
      <li><a expr:href='data:i.url'><data:i.title/></a></li>
    </b:loop>
  </ul>
</b:includable>
</b:widget>
<b:widget id='Followers1' locked='false' title='Followers' type='Followers'>
<b:includable id='main'>
  <b:if cond='data:title != &quot;&quot;'>
    <b:if cond='data:codeSnippet != &quot;&quot;'>
      <h2 class='title'><data:title/></h2>
    <b:else/>
      <b:if cond='data:totalFollowerCount != &quot;&quot;'>
        <h2 class='title'><data:title/> (<data:totalFollowerCount/>)</h2>
      </b:if>
    </b:if>  
  </b:if>
  <div class='widget-content'>
    <div expr:id='data:widget.instanceId + &quot;-wrapper&quot;'>
      <b:if cond='data:codeSnippet != &quot;&quot;'>
        <div style='margin-right:2px;'>
          <data:codeSnippet/>
        </div>
      <b:else/>
        <b:if cond='data:totalFollowerCount == &quot;&quot;'>
          <span class='item-control following-not-admin'>
            <b><data:failureSnippet/></b>
          </span>
          <span class='item-control blog-admin'>
            <b><data:adminFailureSnippet/></b>
          </span>
        <b:else/>
          <b:if cond='data:followingLinkPresent'>
            <div class='follow-this profile-link item-control following-follow-this'>
              <a expr:href='&quot;javascript:_FollowersView._openPopup(\&quot;&quot; + data:followUri + &quot;\&quot;);&quot;'>
                <data:followThisMessage/>
              </a>
            </div>
            <div class='follow-this profile-link item-control following-stop-following-this'>
              <a expr:href='&quot;javascript:_FollowersView._openPopup(\&quot;&quot; + data:followUri + &quot;\&quot;);&quot;'>
                <data:stopFollowingMessage/>
              </a>
            </div>
          </b:if>
  
          <div class='followers-grid'>
            <b:if cond='data:totalFollowerCount == 0'>
              <div class='profile-link item-control following-follow-this'>
                <data:emptyFollowersMessage/>
              </div>
            </b:if>
            <!--
            Relies on the js written out in navbar.gxp
            -->
            <b:loop values='data:followers' var='follower'>
              <div class='follower'>
                <a expr:href='data:follower.profileUrl' expr:title='data:follower.displayName' rel='nofollow'>
                <img class='follower-img' expr:alt='data:follower.displayName' expr:height='data:follower.imageHeight' expr:onerror='&quot;this.onerror=null;this.src=\&quot;&quot; + data:anonFollowerImageUrl + &quot;\&quot;;&quot;' expr:onload='&quot;setAttributeOnload(this, \&quot;src\&quot;, \&quot;&quot; + data:follower.imageUrl + &quot;\&quot;)&quot;' expr:width='data:follower.imageWidth' src='http://img1.blogblog.com/img/blank.gif'/>
                </a>
              </div>
            </b:loop>
            <div class='clear'/>
          </div>
  
          <div class='followers-canvas profile-link'>
            <data:followersFooterMessage/>
            <span class='item-control following-not-admin'>
              <a expr:href='data:followersUri'>
                <data:viewAllMessage/>
              </a>
            </span>
            <span class='item-control blog-admin'>
              <a expr:href='data:manageFollowersUri'>
                <data:manageFollowersMessage/>
              </a>
            </span>
          </div>
          </b:if>
      </b:if>
    </div>
    <b:include name='quickedit'/>
  </div>
</b:includable>
</b:widget>
</b:section>

    <!-- Search Field -->
    <div class='footerContent'>
      <form action='/search' id='searchform' method='get'>
      <div id='search'>
        <input id='s' name='q' type='text' value=''/>
        <input id='searchsubmit' type='submit' value='Search'/>
      </div>
      </form>
      <!-- Do Not Remove Our Link On Footer Template.
           Please Respect Our Work. Thank You. -->
      <p>&#169; <data:blog.title/>. Powered by <a href='http://www.blogger.com'>Blogger</a> and <a href='http://jimbarraud.com/manifest/'>Manifest</a>. Converted by <a href='http://www.litethemes.com' target='_blank' title='LiteThemes.com'>LiteThemes.com</a></p>
      <!-- Do Not Remove Our Link On Footer Template.
           Please Respect Our Work. Thank You. -->
    </div>
  </div>

</body>
</html>