<?xml version="1.0" encoding="UTF-8" ?>
<!DOCTYPE html>
<html xmlns='http://www.w3.org/1999/xhtml' xmlns:b='http://www.google.com/2005/gml/b' xmlns:data='http://www.google.com/2005/gml/data' xmlns:expr='http://www.google.com/2005/gml/expr'>
<head>
  <link href='http://fonts.googleapis.com/css?family=Noto+Sans' rel='stylesheet' type='text/css'/>
  <link href='http://fonts.googleapis.com/css?family=Dancing+Script' rel='stylesheet' type='text/css'/>
  <link href='http://fonts.googleapis.com/css?family=Telex' rel='stylesheet' type='text/css'/>
  <b:include data='blog' name='all-head-content'/>
 <link href='http://fonts.googleapis.com/css?family=Noto+Sans:400,700' rel='stylesheet' type='text/css'/>

 
<meta content='width=device-width, initial-scale=1.0' name='viewport'/>

<title><data:blog.pageTitle/></title>
<b:if cond='data:blog.metaDescription != &quot;&quot;'>
  <meta expr:content='data:blog.metaDescription' name='description'/>
</b:if>

<b:skin><![CDATA[
/*-----------------------------------


Blogger Template

Template Name   : Catalogspot K2 E-Commerce Blogger Template V-1.0
Author 			: loefa-cebook
URL    			: http://loefa-cebook.blogspot.com
Date   			: June 19, 2013
Licens          : http://creativecommons.org/licenses/by-nc-sa/2.0/deed.en

-----------------------------------*/

/* CSS Reset created by Eric Meyer - http://meyerweb.com/eric/thoughts/2007/05/01/reset-reloaded/
----------------------------------------------------------------------------------------------------------------------------------------------------*/
html, body, div, span, applet, object, iframe,
h1, h2, h3, h4, h5, h6, p, blockquote, pre,
a, abbr, acronym, address, big, cite, code,
del, dfn, em, font, img, ins, kbd, q, s, samp,
small, strike, strong, sub, sup, tt, var,
dl, dt, dd, ol, ul, li,
fieldset, form, label, legend,
table, caption, tbody, tfoot, thead, tr, th, td {
margin: 0;
padding: 0;
border: 0;
outline: 0;
font-family: inherit;
vertical-align: baseline;
}
/* remember to define focus styles! */
:focus {
outline: 0;
}
body, .body-fauxcolumn-outer {
line-height: 1;
color: black;
background: white;
}
ol, ul {
list-style: none;
}
/* tables still need 'cellspacing="0"' in the markup */
table {
border-collapse: separate;
border-spacing: 0;
}
caption, th, td {
text-align: left;
font-weight: normal;
}
blockquote:before, blockquote:after,
q:before, q:after {
content: "";
}
blockquote, q {
quotes: "" "";
}

img {
  width: auto\9;
  height: auto;
  max-width: 100%;
  vertical-align: middle;
  border: 0;
  -ms-interpolation-mode: bicubic;
}

#map_canvas img,
.google-maps img {
  max-width: none;
}

body {
 margin:0;
 padding:0;
 color:#333333;
 background: #F8F8F8 url(http://4.bp.blogspot.com/-pFwSSObUKYU/Uatt86kaFTI/AAAAAAAAG7g/3bp13uLHP14/s1600/body-Bg.png);
 font: normal normal 13px Tahoma,Geneva,sans-serif;
 line-height: 1.6em;
}
a, a:visited {
 color: #1cc3cd;
}
a:hover {
 color: #191919;
 text-decoration: none;
}
a, h1 a,h2 a,h3 a,h4 a,h5 a,h6 a {
 text-decoration:none;
}
hr {
 border: 0 solid #fff;
 border-bottom-width: 1px;
 clear: both;
 height: 1px;
 background: #ccc;
}

.container {
  margin-left: auto;
  margin-right: auto;
  width: 960px;
}


.grid_1,
.grid_2,
.grid_3,
.grid_4,
.grid_5,
.grid_6,
.grid_7,
.grid_8,
.grid_9,
.grid_10,
.grid_11,
.grid_12 {
  display: inline;
  float: left;
  margin-left: 10px;
  margin-right: 10px;
 -webkit-box-sizing: border-box;
     -moz-box-sizing: border-box;
          box-sizing: border-box;
*zoom:1;
}

.grid_1 {
  width: 60px;
}

.grid_2 {
  width: 140px;
}

.grid_3 {
  width: 216px;
}

.grid_4 {
  width: 300px;
}

.grid_5 {
  width: 380px;
}

.grid_6 {
  width: 460px;
}

.grid_7 {
  width: 540px;
}

.grid_8 {
  width: 620px;
}

.grid_9 {
  width: 700px;
}

.grid_10 {
  width: 780px;
}

.grid_11 {
  width: 860px;
}

.grid_12 {
  width: 940px;
}
/* http://sonspring.com/journal/clearing-floats */

.clear {
  clear: both;
  display: block;
  overflow: hidden;
  visibility: hidden;
  width: 0;
  height: 0;
}

.date-header {display:none;}

.header-wrapper {
position:relative;
padding-bottom:25px;
background: url(http://3.bp.blogspot.com/-4dFpzVRqiB8/UblsHFL5r7I/AAAAAAAAHCY/8qkB3yurFb8/s1600/box-shadow.png) no-repeat bottom center;
z-index:20;
}
.header-container {
margin:0px auto;
width:960px;
min-height: 70px;
background:#1cc3cd url(http://1.bp.blogspot.com/-QlbQgwxVyDc/UblqLLNRAwI/AAAAAAAAHCI/KRLKSq9HKeM/s1600/header-bg.png);
}

.header {
display:inline;
float:left;
width:300px;
margin:10px;
}

.header h1, .header h1 a {
color:#fff;
font-family: 'Dancing Script', cursive;
fontsize:28px;
font-weight:400;
text-shadow:0px 1px 2px #333;
}


.menu {
display: inline;
float:left;
margin-right:10px;
margin-left:10px;
width:620px;
}

.menu ul {
margin-top:20px;
}

.menu ul li {
list-style:none;
display:inline;
float:left;
}

.menu ul li a {
displa:block;
padding:0.75em 1.25em;
color:#fff;
font-family: 'Noto Sans', sans-serif;
font-size:14px;
text-shadow:0px 1px 1px #333;
}


.subMenu {
display:none;
margin:0;
list-style:none;
min-width:200px;
max-width:220px;
background:#fff;
position:absolute;
z-index:999;
border-top:5px solid #fff;
border-bottom:5px solid #fff;
border-radius:3px 3px 3px 3px;
-moz-box-shadow: 1px 2px 5px #595959;
-webkit-box-shadow: 1px 2px 5px #595959;
box-shadow: 1px 2px 5px #595959;
}


.subMenu:before {
content:"";
display:block;
width:1px;
height:1px;
background: transparent;
border-top: 8px solid transparent;
border-right: 8px solid transparent;
border-bottom: 8px solid #fff;
border-left: 8px solid transparent;
position:absolute;
margin-top:-22px;
margin-left:20px;
}
.subMenu li {
display:inline-block;
float:none !important;
width:100%;
}

.subMenu li a {
display:block;
padding:5px !important;
color:#333 !important;
font-size:13px !important;
text-shadow:none !important;
}

.subMenu li a:hover {
background:#1cc3cd;
color:#fff !important;
}
.content-wrapper {
margin:0px auto;
width:960px;
background:#fff;
border: 1px solid #ececec;
 -webkit-box-sizing: border-box;
     -moz-box-sizing: border-box;
          box-sizing: border-box;
}

.cross-content {
padding:10px 0px;
background: #f0f0f0 url(http://3.bp.blogspot.com/-ZaNUDKSx0gc/Uatp46K1fTI/AAAAAAAAG7E/1t1qZZ2eF2A/s1600/info-box-bg.jpg);
border-top:1px solid #fff;
}

.search {
display:inline;
float:left;
margin:0px 10px;
width:780px;
}

.search input {
margin:0px;
padding:10px 10px 10px 25px;
width:95%;
border:0;
background: #ffffff;
-moz-border-radius:3px 3px 3px 3px;
-webkit-border-radius:3px 3px 3px 3px;
border-radius:3px 3px 3px 3px;
-moz-box-shadow:inset 0px 0px 3px #ccc;
-webkit-box-shadow:inset 0px 0px 3px #ccc;
box-shadow:inset 0px 0px 3px #ccc;
}

.cartwrp {
display:inline;
float:right;
margin-right:10px;
width:140px;
}

.cartInfo {
display:inline;
float:right;
margin:0px;
padding:7px 10px 7px 35px;
color:#fff;
background:#c2bfcd url(http://1.bp.blogspot.com/-YZ53q4RswZI/Ubxb9UC8TRI/AAAAAAAAHE4/ik6LNnNDZyA/s1600/cart.png) no-repeat left center;
-moz-border-radius:3px 3px 3px 3px;
-webkit-border-radius:3px 3px 3px 3px;
border-radius:3px 3px 3px 3px;
cursor:pointer;
}

.cartOn {
background:#1cc3cd url(http://1.bp.blogspot.com/-YZ53q4RswZI/Ubxb9UC8TRI/AAAAAAAAHE4/ik6LNnNDZyA/s1600/cart.png) no-repeat left center;
}
.cartBox {
display:none;
position:absolute;
z-index:9999;
width:200px;
min-height:30px;
background:#f0f0f0;
padding:10px;
margin-top:50px;
margin-left:-80px;
border-top: 3px solid #1cc3cd;
border-bottom: 3px solid #1cc3cd;
-moz-border-radius:3px 3px 3px 3px;
-webkit-border-radius:3px 3px 3px 3px;
border-radius:3px 3px 3px 3px;
-moz-box-shadow: 1px 2px 5px #000000;
-webkit-box-shadow: 1px 2px 5px #000000;
box-shadow: 1px 2px 5px #000000;
}

.cartBox:before {
content:"";
position:absolute;
display:block;
margin-top:-33px;
margin-left:120px;
width:1px;
height:1px;
background:transparent;
border-top: 10px solid transparent;
border-right: 10px solid transparent;
border-bottom: 10px solid #1cc3cd;
border-left: 10px solid transparent;
z-index:100;
}

a.simpleCart_empty {
display:block;
float:right;
margin:-5px -5px 0px 0px;
width:25px;
height:25px;
background: url(http://3.bp.blogspot.com/-MBFRSAzNevk/UbxXTlpJ3NI/AAAAAAAAHEo/3XPofXDb7GA/s1600/cart-icon.png) no-repeat -1px -51px;
text-indent:-99999px;
}


.simpleCart_items table{
width:100%;
background:#fafafa;
border:1px solid #fff;
box-shadow:0px 0px 1px #dedede;
}


.simpleCart_items table tr.headerRow{
background: #f5f5f5;
}
.simpleCart_items table tr.headerRow th{
padding:10px;
font-size:16px;
font-weight:bold;
}
.simpleCart_items table tr.itemRow {
border-bottom: 1px solid #ddd;
margin-bottom:3px;
}

.simpleCart_items table tr.itemRow td{
padding:10px;
}

.total {
display:block;
text-align:right;
font-size:16px;
font-weight:bold;
}
.feed-links {display:none;}

.main-wrapper {
margin:0px 10px;
width:940px;
padding-top:25px;
background: url(http://3.bp.blogspot.com/-4dFpzVRqiB8/UblsHFL5r7I/AAAAAAAAHCY/8qkB3yurFb8/s1600/box-shadow.png) no-repeat top center;
}


.post h3 {
font-family: 'Noto Sans', sans-serif;
font-size:20px;
font-weight:normal;
margin:10px 0px 20px 0px;
padding:5px 0px;
}

.post-data-meta {
display:inline;
float:left;
margin-right:20px;
width:220px;
}

.post-body { 
display:inline;
float:left;
width:700px;
}

.post-footer {
clear:both;
}

.item_image {
padding:10px;
background:#fafafa;
border:1px solid #fff;
box-shadow:0px 0px 1px #dedede;
position:relative;
z-index:20;
}

img.item_thumb {
width: auto\9;
height: auto;
max-width: 100%;
vertical-align: middle;
border: 0;
-ms-interpolation-mode: bicubic;
}

.item_price {
margin-top:-40px;
padding:10px 20px;
font-size:18px;
color: #1cc3cd;
display:block;
position:absolute;
background:#fafafa;
z-index:99;
border-top:1px solid #fff;
border-radius:0px 3px 0px 0px;
}


.item_Description {
margin:-10px 10px 0px 10px;
padding:20px 10px 10px 10px;
background:#fafafa;
border:1px solid #fff;
box-shadow:0px 0px 1px #dedede;
}


.item-bottom {
padding:20px 10px 10px 10px;
margin-bottom:50px;
background:#fafafa;
border:1px solid #fff;
box-shadow:0px 0px 1px #dedede;
-moz-border-radius: 0px 0px 3px 3px;
-webkit-border-radius: 0px 0px 3px 3px;
border-radius: 0px 0px 3px 3px;
}

.item_Quantity {
padding:5px;
}


a.item_add {
position:relative;
margin:0px;
padding:10px 15px 10px 26px;
background:#1cc3cd url(http://4.bp.blogspot.com/-zCe3qwjfyWY/Uab9omGrbAI/AAAAAAAAG6I/AvqVKU3-KbU/s1600/add-to-cart.png) no-repeat left center;
color:#ffffff;
min-width:90px;
text-align:center;
border-top:1px solid  rgba(255, 255, 255, 0.4);
border-bottom:1px solid rgba(0, 0, 0, 0.4);
text-decoration:none;
border-radius:3px 3px 3px 3px;
transition:All 1s ease;
-webkit-transition:All .3s ease;
-moz-transition:All 3 ease;
-o-transition:All 3 ease;
}

a.item_add:hover {
background:#FF8821 url(http://4.bp.blogspot.com/-zCe3qwjfyWY/Uab9omGrbAI/AAAAAAAAG6I/AvqVKU3-KbU/s1600/add-to-cart.png) no-repeat left center;
}
a.item_add:active {
border-bottom:1px solid  rgba(255, 255, 255, 0.4);
border-top:1px solid rgba(0, 0, 0, 0.4);
}

.divider {
clear:both;
height:0px;
margin:15px 0px;
}
a.view-cart, a.view-cart:visited, a.simpleCart_checkout, a.simpleCart_checkout:visited {
padding:5px 15px 5px 25px;
background:#1cc3cd;
color:#fff;
-moz-border-radius:3px 3px 3px 3px;
-webkit-border-radius:3px 3px 3px 3px;
border-radius:3px 3px 3px 3px;
}
a.view-cart {
margin-right:5px;
}
.showpageArea {
margin:20px 0px 10px 0px;
}

.showpagePoint, .showpageNum {
margin:0px 3px;
padding:3px 8px;
background:#f8f8f8;
}

.showpagePoint {
background:#1cc3cd;
color:#fff;
}

.showpage {
margin:0px 3px;
}
.sidebar-wrapper {
margin:0px;
padding-top:10px;
padding-bottom:20px;
background:#ececec url(http://3.bp.blogspot.com/-ZaNUDKSx0gc/Uatp46K1fTI/AAAAAAAAG7E/1t1qZZ2eF2A/s1600/info-box-bg.jpg);
border-top: 1px solid #ececec;
 -webkit-box-sizing: border-box;
     -moz-box-sizing: border-box;
          box-sizing: border-box;
}


.sidebar {
display:inline;
float:left;
width: 460px;
margin-left:10px;
} 

.sidebar h2 {
margin-bottom:10px;
font-weight:bold;
font-size:12px;
text-shadow:0px 1px 1px #fff;
}

.sidebar .widget {
margin-top:10px;
margin-bottom:10px;
}

.slider-wrapper {
margin-top:-100px;
margin-right:auto;
margin-left:auto;
width:100%;
max-width:1600px;
min-height:300px;
background:#fff;
}


 
/*-- Browser Resets --*/
.flex-container a:active,
.flexslider a:active,
.flex-container a:focus,
.flexslider a:focus  {outline: none;}
.slides,
.flex-control-nav,
.flex-direction-nav {margin: 0; padding: 0; list-style: none;} 

.flexslider {margin: 0 auto; padding: 0;}
.flexslider .slides > li {display: none; -webkit-backface-visibility: hidden;} /* Hide the slides before the JS is loaded. Avoids image jumping */
.flexslider .slides img {width:100%; height:400px; display: block;}
.flex-pauseplay span {text-transform: capitalize;}

/*---------------------------------------*/
/*--Clearfix for the .slides element 
-----------------------------------------*/
.slides:after {content: "."; display: block; clear: both; visibility: hidden; line-height: 0; height: 0;} 
html[xmlns] .slides {display: block;} 
* html .slides {height: 1%;}

/*-----------------------------------*/
/*-- No JavaScript Fallback 
-------------------------------------*/
/* If you are not using another script, such as Modernizr, make sure you
 * include js that eliminates this class on page load */
.no-js .slides > li:first-child {display: block;}

/*---------------------------------*/
/*-- FlexSlider Default Theme
----------------------------------*/
.flexslider {
margin: 0 auto 0px; 
position: relative;
-moz-border-radius: 4px; 
-o-border-radius: 4px; 
border-radius: 4px;
zoom: 1;
box-shadow:0px 0px 1px #dedede;
}
.flex-viewport {max-height: 4000px; -webkit-transition: all 1s ease; -moz-transition: all 1s ease; transition: all 1s ease;}
.loading .flex-viewport {max-height: 250px;}
.flexslider .slides {zoom: 1;}

.carousel li {margin-right: 5px}

.slide-caption {
display:none;
margin-top:-250px;
position:relative;
z-index:99;
}

.flex-active-slide .slide-caption {
display:block;
}
.slide-caption h1 {
text-align:center;
color:#fff;
font-family: 'Telex', sans-serif;
font-size:36px;
line-height:40px;
font-weight:normal;
text-shadow: 0px 1px 1px #333;
text-transform:uppercase;
}

/* Direction Nav */
.flex-direction-nav {*height: 0;}
.flex-direction-nav a {width: 22px; height: 44px; margin: -20px 0 0; display: block; background: url(http://2.bp.blogspot.com/-yF3wruuojXs/UbwjJfAAhaI/AAAAAAAAHEM/vOC_hvOHqdU/s1600/nav-slide.png) no-repeat 0 0; position: absolute; top: 50%; z-index: 10; cursor: pointer; text-indent: -9999px; opacity: 0; -webkit-transition: all .3s ease;}
.flex-direction-nav .flex-next {background-position: 100% 0; right: 0px; }
.flex-direction-nav .flex-prev {left: 0px;}
.flexslider:hover .flex-next {opacity: 0.8; right: 5px;}
.flexslider:hover .flex-prev {opacity: 0.8; left: 5px;}
.flexslider:hover .flex-next:hover, .flexslider:hover .flex-prev:hover {opacity: 1;}
.flex-direction-nav .flex-disabled {opacity: .3!important; filter:alpha(opacity=30); cursor: default;}

/* Control Nav */
.flex-control-nav {width: 100%; position: absolute; top: 0px; text-align:left;}
.flex-control-nav li {margin: 0 3px; display: inline-block; zoom: 1; *display: inline;}
.flex-control-paging li a {width: 8px; height: 8px; display: block; background: #666; background: rgba(0,0,0,0.1); cursor: pointer; text-indent: -9999px; -webkit-border-radius: 20px; -moz-border-radius: 20px; -o-border-radius: 20px; border-radius: 20px;border:1px solid rgba(0,0,0,0.3);}
.flex-control-paging li a:hover { background: #333; background: rgba(0,0,0,0.7); }
.flex-control-paging li a.flex-active { background: #fff; cursor: default; }

.flex-control-thumbs {margin: 5px 0 0; position: static; overflow: hidden;}
.flex-control-thumbs li {width: 25%; float: left; margin: 0;}
.flex-control-thumbs img {width: 100%; display: block; opacity: .7; cursor: pointer;}
.flex-control-thumbs img:hover {opacity: 1;}
.flex-control-thumbs .flex-active {opacity: 1; cursor: default;}


@media screen and (max-width: 860px) {

#recentp .flex-direction-nav a.flex-next{
margin-right:-585px;
}
}

.info-box {
background:#fff;
margin:0px 0px 20px 0px;
border-bottom:1px solid #e5e5e5;
}
.info-boxIn {
padding:10px 0px;

}

.info-boxIn h2 {
font-size:12px;
margin:0px 0px 0px 0px;
text-transform:uppercase;
}

.cross-col {
background:#ececec url(http://3.bp.blogspot.com/-ZaNUDKSx0gc/Uatp46K1fTI/AAAAAAAAG7E/1t1qZZ2eF2A/s1600/info-box-bg.jpg);
padding:10px 0px 20px 0px;
border-top: 1px solid #fafafa;
border-right: 1px solid #ececec;
border-bottom: 1px solid #ececec;
border-left: 1px solid #ececec;
 -webkit-box-sizing: border-box;
     -moz-box-sizing: border-box;
          box-sizing: border-box;
}

.box h2 {
margin-bottom: 10px;
font-size:12px;
font-weight:bold;
text-shadow : 0px 1px 1px #fff;
}



.footer-wrapper {
background: url(http://3.bp.blogspot.com/-4dFpzVRqiB8/UblsHFL5r7I/AAAAAAAAHCY/8qkB3yurFb8/s1600/box-shadow.png) no-repeat top center;
}
.footer {
padding:20px 0px;
}

.credit {
display:block;
width:940px;
margin:10px;
text-align:center;
font-size:12px;
}

.credit a {
color:#333;
}

.credit a:hover {
border-bottom: 1px dotted #333;
}
.credit:after {
clear:both;
}
]]></b:skin>

  
  <script src='http://ajax.googleapis.com/ajax/libs/jquery/1.9.1/jquery.min.js'/>
  
  <script src='https://b-trend.googlecode.com/files/simpleCart.js'/>
  
<script type='text/javascript'>
//<![CDATA[
/*----------------------------
SIMPLE CART SETTING
-----------------------------*/
  
  simpleCart({
    checkout: {
      type: "PayPal", 
      email: "yours-store@yours.com"
    }
  });
  
//]]>
</script>

  <b:if cond='data:blog.pageType != &quot;static_page&quot;'>
  <b:if cond='data:blog.pageType != &quot;item&quot;'>
    <style>
           .blog-pager {clear:both;}
      .post {
            display:inline;
            float:left;
            width:220px !important;
            margin:6px;
      }

     .post .item_image img{
            width:100%;
            min-width:200px;
            height:130px;
      }

     .post .item_price {
        margin-top:20px;
        padding:10px 10px;
        font-size:18px;
        display:block;
        position:absolute;
        border-top:none !important;
        background:#f8f8f8;
        z-index:99;
        border-radius:0px 3px 0px 0px;
      }

     .post a.post-judul {
        display:none;
        position:absolute;
        z-index:20;
        padding:5px;
        width:189px;
        height:120px;
        margin-top:-182px;
        text-align:left !important;
        text-decoration:none;
        text-transform:uppercase;
        color:#fafafa;
        background:rgba(0, 0, 0, 0.8);
            }
      .post:hover a.post-judul{
        display:block;
        -webkit-animation-name: bounceIn;
	    -moz-animation-name: bounceIn;
	    -o-animation-name: bounceIn;
	    animation-name: bounceIn;
      }
      .post .item-bottom {
        padding:20px 10px 15px 10px;
        margin-bottom:0px !important;
        background:#f8f8f8;
        text-align:right;
        border:1px solid #fff;
        box-shadow:0px 0px 1px #dedede;
        -moz-border-radius: 0px 0px 3px 3px;
           -webkit-border-radius: 0px 0px 3px 3px;
              border-radius: 0px 0px 3px 3px;
       }
      .post .item_Description, 
      .post h3, 
      .post-header, 
      .post-footer{
        display:none;margin:0px;
      }  
      
 
      .post-body { width:auto !important;}
    </style>
  </b:if>
  </b:if>
<b:if cond='data:blog.pageType == &quot;static_page&quot;'>
<style>
  .post-body{width:100%;}
  </style>
  </b:if>
</head>

<body>
  <!--/- Outer-Wrrapper -/-->
<div class='outer-wrapper'>

<!--/- Header -/-->
<div class='header-wrapper'>
  <div class='header-container'>
<b:section class='header' id='header' maxwidgets='1' showaddelement='no'>
  <b:widget id='Header1' locked='true' title='Shapia Store (Header)' type='Header'>
    <b:includable id='main'>

  <b:if cond='data:useImage'>
    <b:if cond='data:imagePlacement == &quot;BEHIND&quot;'>
      <!--
      Show image as background to text. You can't really calculate the width
      reliably in JS because margins are not taken into account by any of
      clientWidth, offsetWidth or scrollWidth, so we don't force a minimum
      width if the user is using shrink to fit.
      This results in a margin-width's worth of pixels being cropped. If the
      user is not using shrink to fit then we expand the header.
      -->
      <b:if cond='data:mobile'>
          <div id='header-inner'>
            <div class='titlewrapper' style='background: transparent'>
              <h1 class='title' style='background: transparent; border-width: 0px'>
                <b:include name='title'/>
              </h1>
            </div>
            <b:include name='description'/>
          </div>
        <b:else/>
          <div expr:style='&quot;background-image: url(\&quot;&quot; + data:sourceUrl + &quot;\&quot;); &quot;                        + &quot;background-position: &quot;                        + data:backgroundPositionStyleStr + &quot;; &quot;                        + data:widthStyleStr                        + &quot;min-height: &quot; + data:height                        + &quot;_height: &quot; + data:height                        + &quot;background-repeat: no-repeat; &quot;' id='header-inner'>
            <div class='titlewrapper' style='background: transparent'>
              <h1 class='title' style='background: transparent; border-width: 0px'>
                <b:include name='title'/>
              </h1>
            </div>
            <b:include name='description'/>
          </div>
        </b:if>
    <b:else/>
      <!--Show the image only-->
      <div id='header-inner'>
        <a expr:href='data:blog.homepageUrl' style='display: block'>
          <img expr:alt='data:title' expr:height='data:height' expr:id='data:widget.instanceId + &quot;_headerimg&quot;' expr:src='data:sourceUrl' expr:width='data:width' style='display: block'/>
        </a>
        <!--Show the description-->
        <b:if cond='data:imagePlacement == &quot;BEFORE_DESCRIPTION&quot;'>
          <b:include name='description'/>
        </b:if>
      </div>
    </b:if>
  <b:else/>
    <!--No header image -->
    <div id='header-inner'>
      <div class='titlewrapper'>
        <h1 class='title'>
          <b:include name='title'/>
        </h1>
      </div>
      <b:include name='description'/>
    </div>
  </b:if>
</b:includable>
    <b:includable id='description'>
  <div class='descriptionwrapper'>
    <p class='description'><span><data:description/></span></p>
  </div>
</b:includable>
    <b:includable id='title'>
  <b:if cond='data:blog.url == data:blog.homepageUrl'>
    <data:title/>
  <b:else/>
    <a expr:href='data:blog.homepageUrl'><data:title/></a>
  </b:if>
</b:includable>
  </b:widget>
</b:section>
   
<div class='menu'> 
  <ul>
    <li><a href='#URL'>Home</a></li>
    <li><a href='#URL'>Menu Item</a></li>
    <li><a href='#URL'>Menu Item</a>
      <ul class='subMenu'>
        <li><a href='#URL'>Menu Item</a></li>
        <li><a href='#URL'>Menu Item</a></li>
        <li><a href='#URL'>Menu Item</a></li>
        <li><a href='#URL'>Menu Item</a></li>
        <li><a href='#URL'>Menu Item</a></li>
      </ul>
    </li>
    <li><a href='#URL'>Menu Item</a></li>
    <li><a href='#URL'>Menu Item</a></li>
    <li><a href='#URL'>Menu Item</a></li>
  </ul>
</div>
    <div class='clear'/>
  </div>
</div><!--/- End of Header -/-->
<b:if cond='data:blog.url == data:blog.homepageUrl'>
<div class='slider-wrapper'>
<div class='flexslider' id='slider'>
<ul class='slides'>
  <li>
    <img src='http://1.bp.blogspot.com/-s-af3MP_tAc/UbwL0_EAMyI/AAAAAAAAHDc/CaMk6-miDjg/s1600/slide01.jpg'/>
    <div class='container slide-caption animated fadeInUpBig'>
      <h1>Lorem Ipsum is simply dummy text of the printing and typesetting industry</h1>
    </div>
  </li>
  <li>
    <img src='http://3.bp.blogspot.com/-UuWswkvFuX0/UbwMjsqLKkI/AAAAAAAAHDk/GdryGkVrYlg/s1600/slide02.jpg'/>
    <div class='container slide-caption animated fadeInUpBig'>
      <h1>Lorem Ipsum is simply dummy text of the printing and typesetting industry</h1>
    </div>
  </li>
  <li>
    <img src='http://2.bp.blogspot.com/-buy49yomaqc/UbwNSTurGNI/AAAAAAAAHDw/gry7RORUINg/s1600/slide03.jpg'/>
    <div class='container slide-caption animated fadeInUpBig'>
      <h1>Lorem Ipsum is simply dummy text of the printing and typesetting industry</h1>
    </div>
  </li>
</ul>
</div>
</div>
<div class='info-box'>
<div class='container info-boxIn'>
  <b:section class='grid_4' id='box-1'>
    <b:widget id='HTML5' locked='false' title='Order by Phone' type='HTML'>
      <b:includable id='main'>
  <!-- only display title if it's non-empty -->
  <b:if cond='data:title != &quot;&quot;'>
    <h2 class='title'><data:title/></h2>
  </b:if>
  <div class='widget-content'>
    <data:content/>
  </div>

  <b:include name='quickedit'/>
</b:includable>
    </b:widget>
  </b:section>
  <b:section class='grid_4' id='box-2'>
    <b:widget id='HTML4' locked='false' title='Shipping Info' type='HTML'>
      <b:includable id='main'>
  <!-- only display title if it's non-empty -->
  <b:if cond='data:title != &quot;&quot;'>
    <h2 class='title'><data:title/></h2>
  </b:if>
  <div class='widget-content'>
    <data:content/>
  </div>

  <b:include name='quickedit'/>
</b:includable>
    </b:widget>
  </b:section>
  <b:section class='grid_4' id='box-3'>
    <b:widget id='HTML6' locked='false' title='Live Chat' type='HTML'>
      <b:includable id='main'>
  <!-- only display title if it's non-empty -->
  <b:if cond='data:title != &quot;&quot;'>
    <h2 class='title'><data:title/></h2>
  </b:if>
  <div class='widget-content'>
    <data:content/>
  </div>

  <b:include name='quickedit'/>
</b:includable>
    </b:widget>
  </b:section>
  <div class='clear'/>
</div>
</div>
  </b:if>
<div class='content-wrapper'>
  <div class='cross-content'>
<div class='search'> <!-- Search box start-->
<form accept-charset='utf-8' action='/search' id='search' method='GET'>
<input class='input' name='q' onblur='if(this.value==&apos;&apos;)this.value=&apos;type your search and hit enter&apos;;' onfocus='if(this.value==&apos;type your search and hit enter&apos;)this.value=&apos;&apos;;' size='24' type='text' value='type your search and hit enter'/>
</form>
</div> <!-- Search box End-->
<div class='cartwrp'>
    <div class='cartInfo'>
    <span class='simpleCart_quantity'/> item(s)
    </div>
     <div class='cartBox'>
     <div class='menu-cart'>
  <b>In your cart:</b> <a class='simpleCart_empty' href='javascript:;'>Clear Cart</a><br/>
  <span class='simpleCart_quantity'/> item(s) -
  Total Price : <span class='simpleCart_total'/> <br/>
<div class='divider'/>
<a class='view-cart' href='#view-cart-page' title='View Cart'>View Cart</a>
  <a class='simpleCart_checkout' href='javascript:;'>Checkout</a>
  <div class='clear'/>
</div>
    </div>
</div>
<div class='clear'/>
  </div>
<div class='main-wrapper'>
<b:section class='main' id='main' showaddelement='no'>
  <b:widget id='Blog1' locked='true' title='Blog Posts' type='Blog'>
    <b:includable id='main' var='top'>
  <b:if cond='data:mobile == &quot;false&quot;'>

    <!-- posts -->
    <div class='blog-posts hfeed'>

      <b:include data='top' name='status-message'/>

      <data:defaultAdStart/>
      <b:loop values='data:posts' var='post'>
        <b:if cond='data:post.isDateStart'>
          <b:if cond='data:post.isFirstPost == &quot;false&quot;'>
            &lt;/div&gt;&lt;/div&gt;
          </b:if>
        </b:if>
        <b:if cond='data:post.isDateStart'>
          &lt;div class=&quot;date-outer&quot;&gt;
        </b:if>
        <b:if cond='data:post.dateHeader'>
          <h2 class='date-header'><span><data:post.dateHeader/></span></h2>
        </b:if>
        <b:if cond='data:post.isDateStart'>
          &lt;div class=&quot;date-posts&quot;&gt;
        </b:if>
        <div class='post-outer simpleCart_shelfItem'>
        <b:include data='post' name='post'/>
        <b:if cond='data:blog.pageType == &quot;static_page&quot;'>
          <b:include data='post' name='comment_picker'/>
        </b:if>
        <b:if cond='data:blog.pageType == &quot;item&quot;'>
          <b:include data='post' name='comment_picker'/>
        </b:if>
        </div>
        <b:if cond='data:post.includeAd'>
          <b:if cond='data:post.isFirstPost'>
            <data:defaultAdEnd/>
          <b:else/>
            <data:adEnd/>
          </b:if>
          <div class='inline-ad'>
            <data:adCode/>
          </div>
          <data:adStart/>
        </b:if>
      </b:loop>
      <b:if cond='data:numPosts != 0'>
        &lt;/div&gt;&lt;/div&gt;
      </b:if>
      <data:adEnd/>
    </div>

    <!-- navigation -->
    <b:include name='nextprev'/>

    <!-- feed links -->
    <b:include name='feedLinks'/>

    <b:if cond='data:top.showStars'>
      <script src='//www.google.com/jsapi' type='text/javascript'/>
      <script type='text/javascript'>
        google.load(&quot;annotations&quot;, &quot;1&quot;, {&quot;locale&quot;: &quot;<data:top.languageCode/>&quot;});
        function initialize() {
          google.annotations.setApplicationId(<data:top.blogspotReviews/>);
          google.annotations.createAll();
          google.annotations.fetch();
        }
        google.setOnLoadCallback(initialize);
      </script>
    </b:if>

  <b:else/>
    <b:include name='mobile-main'/>
  </b:if>

  <b:if cond='data:top.showDummy'>
    <data:top.dummyBootstrap/>
  </b:if>

</b:includable>
    <b:includable id='backlinkDeleteIcon' var='backlink'>
  <span expr:class='&quot;item-control &quot; + data:backlink.adminClass'>
    <a expr:href='data:backlink.deleteUrl' expr:title='data:top.deleteBacklinkMsg'>
      <img src='//www.blogger.com/img/icon_delete13.gif'/>
    </a>
  </span>
</b:includable>
    <b:includable id='backlinks' var='post'>
  <a name='links'/><h4><data:post.backlinksLabel/></h4>
  <b:if cond='data:post.numBacklinks != 0'>
    <dl class='comments-block' id='comments-block'>
      <b:loop values='data:post.backlinks' var='backlink'>
        <div class='collapsed-backlink backlink-control'>
          <dt class='comment-title'>
            <span class='backlink-toggle-zippy'>&#160;</span>
            <a expr:href='data:backlink.url' rel='nofollow'><data:backlink.title/></a>
            <b:include data='backlink' name='backlinkDeleteIcon'/>
          </dt>
          <dd class='comment-body collapseable'>
            <data:backlink.snippet/>
          </dd>
          <dd class='comment-footer collapseable'>
            <span class='comment-author'><data:post.authorLabel/> <data:backlink.author/></span>
            <span class='comment-timestamp'><data:post.timestampLabel/> <data:backlink.timestamp/></span>
          </dd>
        </div>
      </b:loop>
    </dl>
  </b:if>
  <p class='comment-footer'>
    <a class='comment-link' expr:href='data:post.createLinkUrl' expr:id='data:widget.instanceId + &quot;_backlinks-create-link&quot;' target='_blank'><data:post.createLinkLabel/></a>
  </p>
</b:includable>
    <b:includable id='comment-form' var='post'>
  <div class='comment-form'>
    <a name='comment-form'/>
    <b:if cond='data:mobile'>
      <h4 id='comment-post-message'>
        <a expr:id='data:widget.instanceId + &quot;_comment-editor-toggle-link&quot;' href='javascript:void(0)'><data:postCommentMsg/></a></h4>
      <p><data:blogCommentMessage/></p>
      <data:blogTeamBlogMessage/>
      <a expr:href='data:post.commentFormIframeSrc' id='comment-editor-src'/>
      <iframe allowtransparency='true' class='blogger-iframe-colorize blogger-comment-from-post' frameborder='0' height='410' id='comment-editor' name='comment-editor' src='' style='display: none' width='100%'/>
    <b:else/>
      <h4 id='comment-post-message'><data:postCommentMsg/></h4>
      <p><data:blogCommentMessage/></p>
      <data:blogTeamBlogMessage/>
      <a expr:href='data:post.commentFormIframeSrc' id='comment-editor-src'/>
      <iframe allowtransparency='true' class='blogger-iframe-colorize blogger-comment-from-post' frameborder='0' height='410' id='comment-editor' name='comment-editor' src='' width='100%'/>
    </b:if>
    <data:post.friendConnectJs/>
    <data:post.cmtfpIframe/>
    <script type='text/javascript'>
      BLOG_CMT_createIframe(&#39;<data:post.appRpcRelayPath/>&#39;, &#39;<data:post.communityId/>&#39;);
    </script>
  </div>
</b:includable>
    <b:includable id='commentDeleteIcon' var='comment'>
  <span expr:class='&quot;item-control &quot; + data:comment.adminClass'>
    <b:if cond='data:showCmtPopup'>
      <div class='goog-toggle-button'>
        <div class='goog-inline-block comment-action-icon'/>
      </div>
    <b:else/>
      <a class='comment-delete' expr:href='data:comment.deleteUrl' expr:title='data:top.deleteCommentMsg'>
        <img src='//www.blogger.com/img/icon_delete13.gif'/>
      </a>
    </b:if>
  </span>
</b:includable>
    <b:includable id='comment_count_picker' var='post'>
  <b:if cond='data:post.forceIframeComments'>
    <span class='cmt_count_iframe_holder' expr:data-count='data:post.numComments' expr:data-onclick='data:post.addCommentOnclick' expr:data-url='data:post.canonicalUrl'>
    </span>
  <b:else/>
    <b:if cond='data:post.commentSource == 1'>
      <span class='cmt_count_iframe_holder' expr:data-count='data:post.numComments' expr:data-onclick='data:post.addCommentOnclick' expr:data-url='data:post.canonicalUrl'>
      </span>
    <b:else/>
      <a class='comment-link' expr:href='data:post.addCommentUrl' expr:onclick='data:post.addCommentOnclick'>
        <data:post.commentLabelFull/>:
      </a>
    </b:if>
  </b:if>
</b:includable>
    <b:includable id='comment_picker' var='post'>
  <b:if cond='data:post.commentSource == 1'>
    <b:include data='post' name='iframe_comments'/>
  <b:else/>
    <b:if cond='data:post.showThreadedComments'>
      <b:include data='post' name='threaded_comments'/>
    <b:else/>
      <b:include data='post' name='comments'/>
    </b:if>
  </b:if>
</b:includable>
    <b:includable id='comments' var='post'>
  <div class='comments' id='comments'>
    <a name='comments'/>
    <b:if cond='data:post.allowComments'>
      <h4><data:post.commentLabelFull/>:</h4>

      <b:if cond='data:post.commentPagingRequired'>
        <span class='paging-control-container'>
          <b:if cond='data:post.hasOlderLinks'>
            <a expr:class='data:post.oldLinkClass' expr:href='data:post.oldestLinkUrl'><data:post.oldestLinkText/></a>
              &#160;
            <a expr:class='data:post.oldLinkClass' expr:href='data:post.olderLinkUrl'><data:post.olderLinkText/></a>
              &#160;
          </b:if>

          <data:post.commentRangeText/>

          <b:if cond='data:post.hasNewerLinks'>
            &#160;
            <a expr:class='data:post.newLinkClass' expr:href='data:post.newerLinkUrl'><data:post.newerLinkText/></a>
            &#160;
            <a expr:class='data:post.newLinkClass' expr:href='data:post.newestLinkUrl'><data:post.newestLinkText/></a>
          </b:if>
        </span>
      </b:if>

      <div expr:id='data:widget.instanceId + &quot;_comments-block-wrapper&quot;'>
        <dl expr:class='data:post.avatarIndentClass' id='comments-block'>
          <b:loop values='data:post.comments' var='comment'>
            <dt expr:class='&quot;comment-author &quot; + data:comment.authorClass' expr:id='data:comment.anchorName'>
              <b:if cond='data:comment.favicon'>
                <img expr:src='data:comment.favicon' height='16px' style='margin-bottom:-2px;' width='16px'/>
              </b:if>
              <a expr:name='data:comment.anchorName'/>
              <b:if cond='data:blog.enabledCommentProfileImages'>
                <data:comment.authorAvatarImage/>
              </b:if>
              <b:if cond='data:comment.authorUrl'>
                <a expr:href='data:comment.authorUrl' rel='nofollow'><data:comment.author/></a>
              <b:else/>
                <data:comment.author/>
              </b:if>
              <data:commentPostedByMsg/>
            </dt>
            <dd class='comment-body' expr:id='data:widget.instanceId + data:comment.cmtBodyIdPostfix'>
              <b:if cond='data:comment.isDeleted'>
                <span class='deleted-comment'><data:comment.body/></span>
              <b:else/>
                <p>
                  <data:comment.body/>
                </p>
              </b:if>
            </dd>
            <dd class='comment-footer'>
              <span class='comment-timestamp'>
                <a expr:href='data:comment.url' title='comment permalink'>
                  <data:comment.timestamp/>
                </a>
                <b:include data='comment' name='commentDeleteIcon'/>
              </span>
            </dd>
          </b:loop>
        </dl>
      </div>

      <b:if cond='data:post.commentPagingRequired'>
        <span class='paging-control-container'>
          <a expr:class='data:post.oldLinkClass' expr:href='data:post.oldestLinkUrl'>
            <data:post.oldestLinkText/>
          </a>
          <a expr:class='data:post.oldLinkClass' expr:href='data:post.olderLinkUrl'>
            <data:post.olderLinkText/>
          </a>
          &#160;
          <data:post.commentRangeText/>
          &#160;
          <a expr:class='data:post.newLinkClass' expr:href='data:post.newerLinkUrl'>
            <data:post.newerLinkText/>
          </a>
          <a expr:class='data:post.newLinkClass' expr:href='data:post.newestLinkUrl'>
            <data:post.newestLinkText/>
          </a>
        </span>
      </b:if>

      <p class='comment-footer'>
        <b:if cond='data:post.embedCommentForm'>
          <b:if cond='data:post.allowNewComments'>
            <b:include data='post' name='comment-form'/>
          <b:else/>
            <data:post.noNewCommentsText/>
          </b:if>
        <b:else/>
          <b:if cond='data:post.allowComments'>
            <a expr:href='data:post.addCommentUrl' expr:onclick='data:post.addCommentOnclick'><data:postCommentMsg/></a>
          </b:if>
        </b:if>

      </p>
    </b:if>
    <b:if cond='data:showCmtPopup'>
      <div id='comment-popup'>
        <iframe allowtransparency='true' frameborder='0' id='comment-actions' name='comment-actions' scrolling='no'>
        </iframe>
      </div>
    </b:if>

    <div id='backlinks-container'>
    <div expr:id='data:widget.instanceId + &quot;_backlinks-container&quot;'>
       <b:if cond='data:post.showBacklinks'>
         <b:include data='post' name='backlinks'/>
       </b:if>
    </div>
    </div>
  </div>
</b:includable>
    <b:includable id='feedLinks'>
  <b:if cond='data:blog.pageType != &quot;item&quot;'> <!-- Blog feed links -->
    <b:if cond='data:feedLinks'>
      <div class='blog-feeds'>
        <b:include data='feedLinks' name='feedLinksBody'/>
      </div>
    </b:if>

    <b:else/> <!--Post feed links -->
    <div class='post-feeds'>
      <b:loop values='data:posts' var='post'>
        <b:if cond='data:post.allowComments'>
          <b:if cond='data:post.feedLinks'>
            <b:include data='post.feedLinks' name='feedLinksBody'/>
          </b:if>
        </b:if>
      </b:loop>
    </div>
  </b:if>
</b:includable>
    <b:includable id='feedLinksBody' var='links'>
  <div class='feed-links'>
  <data:feedLinksMsg/>
  <b:loop values='data:links' var='f'>
     <a class='feed-link' expr:href='data:f.url' expr:type='data:f.mimeType' target='_blank'><data:f.name/> (<data:f.feedType/>)</a>
  </b:loop>
  </div>
</b:includable>
    <b:includable id='iframe_comments' var='post'>

  <b:if cond='data:post.allowIframeComments'>
    <script expr:src='data:post.iframeCommentSrc' type='text/javascript'/>
    <div class='cmt_iframe_holder' expr:data-href='data:post.canonicalUrl' expr:data-viewtype='data:post.viewType'/>

    <b:if cond='data:post.embedCommentForm == &quot;false&quot;'>
      <a expr:href='data:post.addCommentUrl' expr:onclick='data:post.addCommentOnclick'><data:postCommentMsg/></a>
    </b:if>
  </b:if>
</b:includable>
    <b:includable id='mobile-index-post' var='post'>
  <div class='mobile-date-outer date-outer'>
    <b:if cond='data:post.dateHeader'>
      <div class='date-header'>
        <span><data:post.dateHeader/></span>
      </div>
    </b:if>

    <div class='mobile-post-outer'>
      <a expr:href='data:post.url'>
        <h3 class='mobile-index-title entry-title' itemprop='name'>
          <data:post.title/>
        </h3>

        <div class='mobile-index-arrow'>&amp;rsaquo;</div>

        <div class='mobile-index-contents'>
          <b:if cond='data:post.thumbnailUrl'>
            <div class='mobile-index-thumbnail'>
              <div class='Image'>
                <img expr:src='data:post.thumbnailUrl'/>
              </div>
            </div>
          </b:if>

          <div class='post-body'>
            <b:if cond='data:post.snippet'><data:post.snippet/></b:if>
          </div>
        </div>

        <div style='clear: both;'/>
      </a>

      <div class='mobile-index-comment'>
        <b:if cond='data:blog.pageType != &quot;static_page&quot;'>
          <b:if cond='data:post.allowComments'>
            <b:if cond='data:post.numComments != 0'>
              <b:include data='post' name='comment_count_picker'/>
            </b:if>
          </b:if>
        </b:if>
      </div>
    </div>
  </div>
</b:includable>
    <b:includable id='mobile-main' var='top'>
    <!-- posts -->
    <div class='blog-posts hfeed'>

      <b:include data='top' name='status-message'/>

      <b:if cond='data:blog.pageType == &quot;index&quot;'>
        <b:loop values='data:posts' var='post'>
          <b:include data='post' name='mobile-index-post'/>
        </b:loop>
      <b:else/>
        <b:loop values='data:posts' var='post'>
          <b:include data='post' name='mobile-post'/>
        </b:loop>
      </b:if>
    </div>

   <b:include name='mobile-nextprev'/>
</b:includable>
    <b:includable id='mobile-nextprev'>
  <div class='blog-pager' id='blog-pager'>
    <b:if cond='data:newerPageUrl'>
      <div class='mobile-link-button' id='blog-pager-newer-link'>
      <a class='blog-pager-newer-link' expr:href='data:newerPageUrl' expr:id='data:widget.instanceId + &quot;_blog-pager-newer-link&quot;' expr:title='data:newerPageTitle'>&amp;lsaquo;</a>
      </div>
    </b:if>

    <b:if cond='data:olderPageUrl'>
      <div class='mobile-link-button' id='blog-pager-older-link'>
      <a class='blog-pager-older-link' expr:href='data:olderPageUrl' expr:id='data:widget.instanceId + &quot;_blog-pager-older-link&quot;' expr:title='data:olderPageTitle'>&amp;rsaquo;</a>
      </div>
    </b:if>

    <div class='mobile-link-button' id='blog-pager-home-link'>
    <a class='home-link' expr:href='data:blog.homepageUrl'><data:homeMsg/></a>
    </div>

    <div class='mobile-desktop-link'>
      <a class='home-link' expr:href='data:desktopLinkUrl'><data:desktopLinkMsg/></a>
    </div>

  </div>
  <div class='clear'/>
</b:includable>
    <b:includable id='mobile-post' var='post'>
  <div class='date-outer'>
    <b:if cond='data:post.dateHeader'>
      <h2 class='date-header'><span><data:post.dateHeader/></span></h2>
    </b:if>
    <div class='date-posts'>
      <div class='post-outer simpleCart_shelfItem'>

        <div class='post hentry uncustomized-post-template' itemscope='itemscope' itemtype='http://schema.org/BlogPosting'>
          <b:if cond='data:post.thumbnailUrl'>
            <meta expr:content='data:post.thumbnailUrl' itemprop='image_url'/>
          </b:if>
          <meta expr:content='data:blog.blogId' itemprop='blogId'/>
          <meta expr:content='data:post.id' itemprop='postId'/>

          <a expr:name='data:post.id'/>
          <b:if cond='data:post.title'>
            <h3 class='post-title item_name entry-title' itemprop='name'>
              <b:if cond='data:post.link'>
                <a expr:href='data:post.link'><data:post.title/></a>
              <b:else/>
                <b:if cond='data:post.url'>
                  <b:if cond='data:blog.url != data:post.url'>
                    <a expr:href='data:post.url'><data:post.title/></a>
                  <b:else/>
                    <a expr:href='data:post.url'><data:post.title/></a>
                  </b:if>
                <b:else/>
                  <a expr:href='data:post.url'><data:post.title/></a>
                </b:if>
              </b:if>
            </h3>
          </b:if>

          <div class='post-header'>
            <div class='post-header-line-1'/>
          </div>

          <div class='post-body entry-content simpleCart_shelfItem' expr:id='&quot;post-body-&quot; + data:post.id' itemprop='articleBody'>
            <data:post.body/>
            <div style='clear: both;'/> <!-- clear for photos floats -->
            <div class='item-bottom'>
               <a class='item_add' href='javascript:;'>Add to Cart</a>
              <a expr:href='data:post.url'><data:post.title/></a>
            </div>
          </div>

          <div class='post-footer'>
            <div class='post-footer-line post-footer-line-1'>
              <span class='post-author vcard'>
                <b:if cond='data:top.showAuthor'>
                  <b:if cond='data:post.authorProfileUrl'>
                    <span class='fn' itemprop='author' itemscope='itemscope' itemtype='http://schema.org/Person'>
                      <meta expr:content='data:post.authorProfileUrl' itemprop='url'/>
                      <a expr:href='data:post.authorProfileUrl' rel='author' title='author profile'>
                        <span itemprop='name'><data:post.author/></span>
                      </a>
                    </span>
                  <b:else/>
                    <span class='fn' itemprop='author' itemscope='itemscope' itemtype='http://schema.org/Person'>
                      <span itemprop='name'><data:post.author/></span>
                    </span>
                  </b:if>
                </b:if>
              </span>

              <span class='post-timestamp'>
                <b:if cond='data:top.showTimestamp'>
                  <data:top.timestampLabel/>
                  <b:if cond='data:post.url'>
                    <meta expr:content='data:post.canonicalUrl' itemprop='url'/>
                    <a class='timestamp-link' expr:href='data:post.url' rel='bookmark' title='permanent link'><abbr class='published' expr:title='data:post.timestampISO8601' itemprop='datePublished'><data:post.timestamp/></abbr></a>
                  </b:if>
                </b:if>
              </span>

              <span class='post-comment-link'>
                <b:if cond='data:blog.pageType != &quot;item&quot;'>
                  <b:if cond='data:blog.pageType != &quot;static_page&quot;'>
                    <b:if cond='data:post.allowComments'>
                      <b:include data='post' name='comment_count_picker'/>
                    </b:if>
                  </b:if>
                </b:if>
              </span>
            </div>

            <div class='post-footer-line post-footer-line-2'>
              <b:if cond='data:top.showMobileShare'>
                <div class='mobile-link-button goog-inline-block' id='mobile-share-button'>
                  <a href='javascript:void(0);'><data:shareMsg/></a>
                </div>
              </b:if>
              <b:if cond='data:top.showDummy'>
                <div class='goog-inline-block dummy-container'><data:post.dummyTag/></div>
              </b:if>
            </div>

          </div>
        </div>

        <b:if cond='data:blog.pageType == &quot;static_page&quot;'>
          <b:include data='post' name='comment_picker'/>
        </b:if>
        <b:if cond='data:blog.pageType == &quot;item&quot;'>
          <b:include data='post' name='comment_picker'/>
        </b:if>
      </div>
    </div>
  </div>
</b:includable>
    <b:includable id='nextprev'>
  <div class='blog-pager' id='blog-pager'>
    <b:if cond='data:newerPageUrl'>
      <span id='blog-pager-newer-link'>
      <a class='blog-pager-newer-link' expr:href='data:newerPageUrl' expr:id='data:widget.instanceId + &quot;_blog-pager-newer-link&quot;' expr:title='data:newerPageTitle'>&#8592;</a>
      </span>
    </b:if>

    <b:if cond='data:olderPageUrl'>
      <span id='blog-pager-older-link'>
      <a class='blog-pager-older-link' expr:href='data:olderPageUrl' expr:id='data:widget.instanceId + &quot;_blog-pager-older-link&quot;' expr:title='data:olderPageTitle'>&#8594;</a>
      </span>
    </b:if>

    <a class='home-link' expr:href='data:blog.homepageUrl'><data:homeMsg/></a>

    <b:if cond='data:mobileLinkUrl'>
      <div class='blog-mobile-link'>
        <a expr:href='data:mobileLinkUrl'><data:mobileLinkMsg/></a>
      </div>
    </b:if>

  </div>
  <div class='clear'/>
</b:includable>
    <b:includable id='post' var='post'>
  <div class='post hentry' itemprop='blogPost' itemscope='itemscope' itemtype='http://schema.org/BlogPosting'>
    <b:if cond='data:post.firstImageUrl'>
      <meta expr:content='data:post.firstImageUrl' itemprop='image_url'/>
    </b:if>
    <meta expr:content='data:blog.blogId' itemprop='blogId'/>
    <meta expr:content='data:post.id' itemprop='postId'/>

    <a expr:name='data:post.id'/>
    <b:if cond='data:post.title'>
      <h3 class='post-title item_name entry-title' itemprop='name'>
      <b:if cond='data:post.link'>
        <a expr:href='data:post.link'><data:post.title/></a>
      <b:else/>
        <b:if cond='data:post.url'>
          <b:if cond='data:blog.url != data:post.url'>
            <a expr:href='data:post.url'><data:post.title/></a>
          <b:else/>
            <a expr:href='data:post.url'><data:post.title/></a>
          </b:if>
        <b:else/>
          <a expr:href='data:post.url'><data:post.title/></a>
        </b:if>
      </b:if>
      </h3>
    </b:if>

    <div class='post-header'>
<b:if cond='data:blog.pageType == &quot;item&quot;'>
<ul class='post-header-line-0 post-data-meta'>
<li>
<span class='post-author vcard'>
        <b:if cond='data:top.showAuthor'>
          <data:top.authorLabel/>
            <b:if cond='data:post.authorProfileUrl'>
              <span class='fn' itemprop='author' itemscope='itemscope' itemtype='http://schema.org/Person'>
                <meta expr:content='data:post.authorProfileUrl' itemprop='url'/>
                <a expr:href='data:post.authorProfileUrl' rel='author' title='author profile'>
                  <span itemprop='name'><data:post.author/></span>
                </a>
              </span>
            <b:else/>
              <span class='fn' itemprop='author' itemscope='itemscope' itemtype='http://schema.org/Person'>
                <span itemprop='name'><data:post.author/></span>
              </span>
            </b:if>
        </b:if>
</span> 
</li>
<li>
<span class='post-labels'>
        <b:if cond='data:post.labels'>
          <data:postLabelsLabel/>
          <b:loop values='data:post.labels' var='label'>
            <a expr:href='data:label.url' rel='tag'><data:label.name/></a><b:if cond='data:label.isLast != &quot;true&quot;'>,</b:if>
          </b:loop>
        </b:if>
</span> 
</li>
  <li>
<!-- navigation -->
    <b:include name='nextprev'/>

</li>
 <li>
<!-- quickedit pencil -->
        <b:include data='post' name='postQuickEdit'/></li>
</ul>
</b:if>
    <div class='post-header-line-1'/>
    </div>

    <b:if cond='data:blog.metaDescription == &quot;&quot;'>
      <!-- Then use the post body as the schema.org description,
          for good G+/FB snippeting. -->
      <div class='post-body entry-content' expr:id='&quot;post-body-&quot; + data:post.id' itemprop='description articleBody'>
        <data:post.body/>
<b:if cond='data:blog.pageType != &quot;static_page&quot;'>
        <div class='item-bottom'>
            <b:if cond='data:blog.pageType == &quot;item&quot;'>
              <b>Quantity :</b><input class='item_Quantity' max='10000' min='1' type='number' value='1'/>
            </b:if>
            <a class='item_add' href='javascript:;'>Add to Cart</a>
            <b:if cond='data:blog.pageType != &quot;item&quot;'>
          <a class='post-judul animated' expr:href='data:post.url'><data:post.title/></a>
            </b:if>
          
        </div>
       </b:if>
        <div style='clear: both;'/> <!-- clear for photos floats -->
        
      </div>
    <b:else/>
      <div class='post-body entry-content' expr:id='&quot;post-body-&quot; + data:post.id' itemprop='articleBody'>
        <data:post.body/>
        <div style='clear: both;'/> <!-- clear for photos floats -->
        <div class='item-bottom'>
               <a class='item_add' href='javascript:;'>Add to Cart</a>
        </div>
      </div>
    </b:if>

    <b:if cond='data:post.hasJumpLink'>
      <div class='jump-link'>
        <a expr:href='data:post.url + &quot;#more&quot;' expr:title='data:post.title'><data:post.jumpText/></a>
      </div>
    </b:if>

    <div class='post-footer'>
    <div class='post-footer-line post-footer-line-1'><div class='post-share-buttons goog-inline-block'>
        <b:if cond='data:post.sharePostUrl'>
          <b:include data='post' name='shareButtons'/>
        </b:if>
      </div> 
      
      <span class='star-ratings'>
        <b:if cond='data:top.showStars'>
           <div expr:g:background-color='data:backgroundColor' expr:g:text-color='data:textColor' expr:g:url='data:post.absoluteUrl' g:height='42' g:type='RatingPanel' g:width='280'/>
        </b:if>
      </span>
      </div>

      <div class='post-footer-line post-footer-line-2'/>

      <div class='post-footer-line post-footer-line-3'/>
    </div>
  </div>
</b:includable>
    <b:includable id='postQuickEdit' var='post'>
  <b:if cond='data:post.editUrl'>
    <span expr:class='&quot;item-control &quot; + data:post.adminClass'>
      <a expr:href='data:post.editUrl' expr:title='data:top.editPostMsg'>
        <img alt='' class='icon-action' height='18' src='http://img2.blogblog.com/img/icon18_edit_allbkg.gif' width='18'/>
      </a>
    </span>
  </b:if>
</b:includable>
    <b:includable id='shareButtons' var='post'>
  <b:if cond='data:top.showEmailButton'><a class='goog-inline-block share-button sb-email' expr:href='data:post.sharePostUrl + &quot;&amp;target=email&quot;' expr:title='data:top.emailThisMsg' target='_blank'><span class='share-button-link-text'><data:top.emailThisMsg/></span></a></b:if><b:if cond='data:top.showBlogThisButton'><a class='goog-inline-block share-button sb-blog' expr:href='data:post.sharePostUrl + &quot;&amp;target=blog&quot;' expr:onclick='&quot;window.open(this.href, \&quot;_blank\&quot;, \&quot;height=270,width=475\&quot;); return false;&quot;' expr:title='data:top.blogThisMsg' target='_blank'><span class='share-button-link-text'><data:top.blogThisMsg/></span></a></b:if><b:if cond='data:top.showTwitterButton'><a class='goog-inline-block share-button sb-twitter' expr:href='data:post.sharePostUrl + &quot;&amp;target=twitter&quot;' expr:title='data:top.shareToTwitterMsg' target='_blank'><span class='share-button-link-text'><data:top.shareToTwitterMsg/></span></a></b:if><b:if cond='data:top.showFacebookButton'><a class='goog-inline-block share-button sb-facebook' expr:href='data:post.sharePostUrl + &quot;&amp;target=facebook&quot;' expr:onclick='&quot;window.open(this.href, \&quot;_blank\&quot;, \&quot;height=430,width=640\&quot;); return false;&quot;' expr:title='data:top.shareToFacebookMsg' target='_blank'><span class='share-button-link-text'><data:top.shareToFacebookMsg/></span></a></b:if><b:if cond='data:top.showOrkutButton'><a class='goog-inline-block share-button sb-orkut' expr:href='data:post.sharePostUrl + &quot;&amp;target=orkut&quot;' expr:title='data:top.shareToOrkutMsg' target='_blank'><span class='share-button-link-text'><data:top.shareToOrkutMsg/></span></a></b:if><b:if cond='data:top.showDummy'><div class='goog-inline-block dummy-container'><data:post.dummyTag/></div></b:if>
</b:includable>
    <b:includable id='status-message'>
  <b:if cond='data:navMessage'>
  <div class='status-msg-wrap'>
    <div class='status-msg-body'>
      <data:navMessage/>
    </div>
    <div class='status-msg-border'>
      <div class='status-msg-bg'>
        <div class='status-msg-hidden'><data:navMessage/></div>
      </div>
    </div>
  </div>
  <div style='clear: both;'/>
  </b:if>
</b:includable>
    <b:includable id='threaded-comment-form' var='post'>
  <div class='comment-form'>
    <a name='comment-form'/>
    <b:if cond='data:mobile'>
      <p><data:blogCommentMessage/></p>
      <data:blogTeamBlogMessage/>
      <a expr:href='data:post.commentFormIframeSrc' id='comment-editor-src'/>
      <iframe allowtransparency='true' class='blogger-iframe-colorize blogger-comment-from-post' frameborder='0' height='410' id='comment-editor' name='comment-editor' src='' style='display: none' width='100%'/>
    <b:else/>
      <p><data:blogCommentMessage/></p>
      <data:blogTeamBlogMessage/>
      <a expr:href='data:post.commentFormIframeSrc' id='comment-editor-src'/>
      <iframe allowtransparency='true' class='blogger-iframe-colorize blogger-comment-from-post' frameborder='0' height='410' id='comment-editor' name='comment-editor' src='' width='100%'/>
    </b:if>
    <data:post.friendConnectJs/>
    <data:post.cmtfpIframe/>
    <script type='text/javascript'>
      BLOG_CMT_createIframe(&#39;<data:post.appRpcRelayPath/>&#39;, &#39;<data:post.communityId/>&#39;);
    </script>
  </div>
</b:includable>
    <b:includable id='threaded_comment_js' var='post'>
  <script async='async' expr:src='data:post.commentSrc' type='text/javascript'/>

  <script type='text/javascript'>
    (function() {
      var items = <data:post.commentJso/>;
      var msgs = <data:post.commentMsgs/>;
      var config = <data:post.commentConfig/>;

// <![CDATA[
      var cursor = null;
      if (items && items.length > 0) {
        cursor = parseInt(items[items.length - 1].timestamp) + 1;
      }

      var bodyFromEntry = function(entry) {
        if (entry.gd$extendedProperty) {
          for (var k in entry.gd$extendedProperty) {
            if (entry.gd$extendedProperty[k].name == 'blogger.contentRemoved') {
              return '<span class="deleted-comment">' + entry.content.$t + '</span>';
            }
          }
        }
        return entry.content.$t;
      }

      var parse = function(data) {
        cursor = null;
        var comments = [];
        if (data && data.feed && data.feed.entry) {
          for (var i = 0, entry; entry = data.feed.entry[i]; i++) {
            var comment = {};
            // comment ID, parsed out of the original id format
            var id = /blog-(\d+).post-(\d+)/.exec(entry.id.$t);
            comment.id = id ? id[2] : null;
            comment.body = bodyFromEntry(entry);
            comment.timestamp = Date.parse(entry.published.$t) + '';
            if (entry.author && entry.author.constructor === Array) {
              var auth = entry.author[0];
              if (auth) {
                comment.author = {
                  name: (auth.name ? auth.name.$t : undefined),
                  profileUrl: (auth.uri ? auth.uri.$t : undefined),
                  avatarUrl: (auth.gd$image ? auth.gd$image.src : undefined)
                };
              }
            }
            if (entry.link) {
              if (entry.link[2]) {
                comment.link = comment.permalink = entry.link[2].href;
              }
              if (entry.link[3]) {
                var pid = /.*comments\/default\/(\d+)\?.*/.exec(entry.link[3].href);
                if (pid && pid[1]) {
                  comment.parentId = pid[1];
                }
              }
            }
            comment.deleteclass = 'item-control blog-admin';
            if (entry.gd$extendedProperty) {
              for (var k in entry.gd$extendedProperty) {
                if (entry.gd$extendedProperty[k].name == 'blogger.itemClass') {
                  comment.deleteclass += ' ' + entry.gd$extendedProperty[k].value;
                } else if (entry.gd$extendedProperty[k].name == 'blogger.displayTime') {
                  comment.displayTime = entry.gd$extendedProperty[k].value;
                }
              }
            }
            comments.push(comment);
          }
        }
        return comments;
      };

      var paginator = function(callback) {
        if (hasMore()) {
          var url = config.feed + '?alt=json&v=2&orderby=published&reverse=false&max-results=50';
          if (cursor) {
            url += '&published-min=' + new Date(cursor).toISOString();
          }
          window.bloggercomments = function(data) {
            var parsed = parse(data);
            cursor = parsed.length < 50 ? null
                : parseInt(parsed[parsed.length - 1].timestamp) + 1
            callback(parsed);
            window.bloggercomments = null;
          }
          url += '&callback=bloggercomments';
          var script = document.createElement('script');
          script.type = 'text/javascript';
          script.src = url;
          document.getElementsByTagName('head')[0].appendChild(script);
        }
      };
      var hasMore = function() {
        return !!cursor;
      };
      var getMeta = function(key, comment) {
        if ('iswriter' == key) {
          var matches = !!comment.author
              && comment.author.name == config.authorName
              && comment.author.profileUrl == config.authorUrl;
          return matches ? 'true' : '';
        } else if ('deletelink' == key) {
          return config.baseUri + '/delete-comment.g?blogID='
               + config.blogId + '&postID=' + comment.id;
        } else if ('deleteclass' == key) {
          return comment.deleteclass;
        }
        return '';
      };

      var replybox = null;
      var replyUrlParts = null;
      var replyParent = undefined;

      var onReply = function(commentId, domId) {
        if (replybox == null) {
          // lazily cache replybox, and adjust to suit this style:
          replybox = document.getElementById('comment-editor');
          if (replybox != null) {
            replybox.height = '250px';
            replybox.style.display = 'block';
            replyUrlParts = replybox.src.split('#');
          }
        }
        if (replybox && (commentId !== replyParent)) {
          document.getElementById(domId).insertBefore(replybox, null);
          replybox.src = replyUrlParts[0]
              + (commentId ? '&parentID=' + commentId : '')
              + '#' + replyUrlParts[1];
          replyParent = commentId;
        }
      };

      var hash = (window.location.hash || '#').substring(1);
      var startThread, targetComment;
      if (/^comment-form_/.test(hash)) {
        startThread = hash.substring('comment-form_'.length);
      } else if (/^c[0-9]+$/.test(hash)) {
        targetComment = hash.substring(1);
      }

      // Configure commenting API:
      var configJso = {
        'maxDepth': config.maxThreadDepth
      };
      var provider = {
        'id': config.postId,
        'data': items,
        'loadNext': paginator,
        'hasMore': hasMore,
        'getMeta': getMeta,
        'onReply': onReply,
        'rendered': true,
        'initComment': targetComment,
        'initReplyThread': startThread,
        'config': configJso,
        'messages': msgs
      };

      var render = function() {
        if (window.goog && window.goog.comments) {
          var holder = document.getElementById('comment-holder');
          window.goog.comments.render(holder, provider);
        }
      };

      // render now, or queue to render when library loads:
      if (window.goog && window.goog.comments) {
        render();
      } else {
        window.goog = window.goog || {};
        window.goog.comments = window.goog.comments || {};
        window.goog.comments.loadQueue = window.goog.comments.loadQueue || [];
        window.goog.comments.loadQueue.push(render);
      }
    })();
// ]]>
  </script>
</b:includable>
    <b:includable id='threaded_comments' var='post'>
  <div class='comments' id='comments'>
    <a name='comments'/>
    <h4><data:post.commentLabelFull/>:</h4>

    <div class='comments-content'>
      <b:if cond='data:post.embedCommentForm'>
        <b:include data='post' name='threaded_comment_js'/>
      </b:if>
      <div id='comment-holder'>
         <data:post.commentHtml/>
      </div>
    </div>

    <p class='comment-footer'>
      <b:if cond='data:post.allowNewComments'>
        <b:include data='post' name='threaded-comment-form'/>
      <b:else/>
        <data:post.noNewCommentsText/>
      </b:if>
    </p>

    <b:if cond='data:showCmtPopup'>
      <div id='comment-popup'>
        <iframe allowtransparency='true' frameborder='0' id='comment-actions' name='comment-actions' scrolling='no'>
        </iframe>
      </div>
    </b:if>

    <div id='backlinks-container'>
    <div expr:id='data:widget.instanceId + &quot;_backlinks-container&quot;'>
       <b:if cond='data:post.showBacklinks'>
         <b:include data='post' name='backlinks'/>
       </b:if>
    </div>
    </div>
  </div>
</b:includable>
  </b:widget>
</b:section>
<div class='clear'/>
</div>


<div class='sidebar-wrapper'>
<b:section class='sidebar' id='sidebar' preferred='yes'>
  <b:widget id='HTML1' locked='false' title='Catalogspot K-2' type='HTML'>
    <b:includable id='main'>
  <!-- only display title if it's non-empty -->
  <b:if cond='data:title != &quot;&quot;'>
    <h2 class='title'><data:title/></h2>
  </b:if>
  <div class='widget-content'>
    <data:content/>
  </div>

  <b:include name='quickedit'/>
</b:includable>
  </b:widget>
</b:section>
<b:section class='sidebar' id='sidebar2' preferred='yes'>
  <b:widget id='HTML2' locked='false' title='Catalogspot K-2' type='HTML'>
    <b:includable id='main'>
  <!-- only display title if it's non-empty -->
  <b:if cond='data:title != &quot;&quot;'>
    <h2 class='title'><data:title/></h2>
  </b:if>
  <div class='widget-content'>
    <data:content/>
  </div>

  <b:include name='quickedit'/>
</b:includable>
  </b:widget>
</b:section>
<div class='clear'/>
</div>
</div> <!-- end content-wrapper -->
<div class='container cross-col'>
<b:section class='grid_3 box' id='box1'>
  <b:widget id='LinkList1' locked='false' title='Link List' type='LinkList'>
    <b:includable id='main'>

<b:if cond='data:title'><h2><data:title/></h2></b:if>
 <div class='widget-content'>
   <ul>
     <b:loop values='data:links' var='link'>
       <li><a expr:href='data:link.target'><data:link.name/></a></li>
     </b:loop>
   </ul>
   <b:include name='quickedit'/>
 </div>
</b:includable>
  </b:widget>
</b:section>
<b:section class='grid_3 box' id='box2'>
  <b:widget id='HTML3' locked='false' title='Sample Text' type='HTML'>
    <b:includable id='main'>
  <!-- only display title if it's non-empty -->
  <b:if cond='data:title != &quot;&quot;'>
    <h2 class='title'><data:title/></h2>
  </b:if>
  <div class='widget-content'>
    <data:content/>
  </div>

  <b:include name='quickedit'/>
</b:includable>
  </b:widget>
</b:section>
<b:section class='grid_3 box' id='box3'>
  <b:widget id='FollowByEmail1' locked='false' title='Follow by Email' type='FollowByEmail'>
    <b:includable id='main'>
  <b:if cond='data:title != &quot;&quot;'><h2 class='title'><data:title/></h2></b:if>
  <div class='widget-content'>
    <div class='follow-by-email-inner'>
      <form action='http://feedburner.google.com/fb/a/mailverify' expr:onsubmit='&quot;window.open(\&quot;http://feedburner.google.com/fb/a/mailverify?uri=&quot; + data:feedPath + &quot;\&quot;, \&quot;popupwindow\&quot;, \&quot;scrollbars=yes,width=550,height=520\&quot;); return true&quot;' method='post' target='popupwindow'>
        <table width='100%'>
          <tr>
            <td>
              <input class='follow-by-email-address' name='email' placeholder='Email address...' type='text'/>
            </td>
            <td width='64px'>
              <input class='follow-by-email-submit' type='submit' value='Submit'/>
            </td>
          </tr>
        </table>
        <input expr:value='data:feedPath' name='uri' type='hidden'/>
        <input name='loc' type='hidden' value='en_US'/>
      </form>
    </div>
  </div>
  <span class='item-control blog-admin'>
    <b:include name='quickedit'/>
  </span>
</b:includable>
  </b:widget>
</b:section>
<b:section class='grid_3 box' id='box4'>
  <b:widget id='Label1' locked='false' title='Labels' type='Label'>
    <b:includable id='main'>
  <b:if cond='data:title'>
    <h2><data:title/></h2>
  </b:if>
  <div expr:class='&quot;widget-content &quot; + data:display + &quot;-label-widget-content&quot;'>
    <b:if cond='data:display == &quot;list&quot;'>
      <ul>
      <b:loop values='data:labels' var='label'>
        <li>
          <b:if cond='data:blog.url == data:label.url'>
            <span expr:dir='data:blog.languageDirection'><data:label.name/></span>
          <b:else/>
            <a expr:dir='data:blog.languageDirection' expr:href='data:label.url'><data:label.name/></a>
          </b:if>
          <b:if cond='data:showFreqNumbers'>
            <span dir='ltr'>(<data:label.count/>)</span>
          </b:if>
        </li>
      </b:loop>
      </ul>
    <b:else/>
      <b:loop values='data:labels' var='label'>
        <span expr:class='&quot;label-size label-size-&quot; + data:label.cssSize'>
          <b:if cond='data:blog.url == data:label.url'>
            <span expr:dir='data:blog.languageDirection'><data:label.name/></span>
          <b:else/>
            <a expr:dir='data:blog.languageDirection' expr:href='data:label.url'><data:label.name/></a>
          </b:if>
          <b:if cond='data:showFreqNumbers'>
            <span class='label-count' dir='ltr'>(<data:label.count/>)</span>
          </b:if>
        </span>
      </b:loop>
    </b:if>
    <b:include name='quickedit'/>
  </div>
</b:includable>
  </b:widget>
</b:section>
<div class='clear'/>
</div>

<div class='footer-wrapper'>
<footer class='container footer'>
  <div class='credit'>
    <p><a class='toplink' href='javascript:scrollToTop()'>Back to Top &#8593;</a><br/><a expr:href='data:blog.homepageUrl'><data:blog.title/></a> &#169; 2013.  All rights reserved. <br/>E-Commerce Blogger Template by : <a href='http://loefa-cebook.blogspot.com'>loefa-cebook</a>. Powered by Blogger
  </p>
  </div>
</footer>
</div>

</div> <!--/- End of Outer-Wrrapper -/-->

   <link href='http://bloggermail-php.net46.net/animate.min.css' rel='stylesheet' type='text/css'/>

<script>
jQuery(document).ready(function($){
	$(&quot;.cartInfo&quot;).click(function(){
		$(&quot;.cartBox&quot;).slideToggle(&quot;fast&quot;);
		$(this).toggleClass(&quot;cartOn&quot;); return false;
	});
});
</script>
  <!-- Page Nav-->
  <b:if cond='data:blog.pageType != &quot;item&quot;'> 
<b:if cond='data:blog.pageType != &quot;static_page&quot;'>
<script type='text/javascript'>
  //<![CDATA[
var pageCount=5;
var displayPageNum=5;
var upPageWord ='&#8592; Previous';
var downPageWord ='Next &#8594;';
  //]]>
</script>
<script type='text/javascript'>
//<![CDATA[
function showpageCount(json){var thisUrl=home_page_url;var htmlMap=new Array();var thisNum=1;var postNum=1;var itemCount=0;var fFlag=0;var eFlag=0;var html='';var upPageHtml='';var downPageHtml='';for(var i=0,post;post=json.feed.entry[i];i++){var timestamp1=post.published.$t.substring(0,19)+post.published.$t.substring(23,29);timestamp=encodeURIComponent(timestamp1);var title=post.title.$t;if(title!=''){if(itemCount==0||(itemCount%pageCount==(pageCount-1))){if(thisUrl.indexOf(timestamp)!=-1){thisNum=postNum}if(title!='')postNum++;htmlMap[htmlMap.length]='/search?updated-max='+timestamp+'&max-results='+pageCount}}itemCount++}for(var p=0;p<htmlMap.length;p++){if(p>=(thisNum-displayPageNum-1)&&p<(thisNum+displayPageNum)){if(fFlag==0&&p==thisNum-2){if(thisNum==2){upPageHtml='<span class="showpage"><a href="/">'+upPageWord+'</a></span>'}else{upPageHtml='<span class="showpage"><a href="'+htmlMap[p]+'">'+upPageWord+'</a></span>'}fFlag++}if(p==(thisNum-1)){html+='<span class="showpagePoint">'+thisNum+'</span>'}else{if(p==0){html+='<span class="showpageNum"><a href="/">1</a></span>'}else{html+='<span class="showpageNum"><a href="'+htmlMap[p]+'">'+(p+1)+'</a></span>'}}if(eFlag==0&&p==thisNum){downPageHtml='<span class="showpage"> <a href="'+htmlMap[p]+'">'+downPageWord+'</a></span>';eFlag++}}}if(thisNum>1){html=''+upPageHtml+' '+html+' '}html='<div class="showpageArea"><span class="showpageOf"> Pages ('+(postNum-1)+')</span>'+html;if(thisNum<(postNum-1)){html+=downPageHtml}if(postNum==1)postNum++;html+='</div>';var pageArea=document.getElementsByName("pageArea");var blogPager=document.getElementById("blog-pager");if(postNum<=2){html=''}for(var p=0;p<pageArea.length;p++){pageArea[p].innerHTML=html}if(pageArea&&pageArea.length>0){html=''}if(blogPager){blogPager.innerHTML=html}}function showpageCount2(json){var thisUrl=home_page_url;var htmlMap=new Array();var isLablePage=thisUrl.indexOf("/search/label/")!=-1;var thisLable=isLablePage?thisUrl.substr(thisUrl.indexOf("/search/label/")+14,thisUrl.length):"";thisLable=thisLable.indexOf("?")!=-1?thisLable.substr(0,thisLable.indexOf("?")):thisLable;var thisNum=1;var postNum=1;var itemCount=0;var fFlag=0;var eFlag=0;var html='';var upPageHtml='';var downPageHtml='';var labelHtml='<span class="showpageNum"><a href="/search/label/'+thisLable+'?&max-results='+pageCount+'">';var thisUrl=home_page_url;for(var i=0,post;post=json.feed.entry[i];i++){var timestamp1=post.published.$t.substring(0,19)+post.published.$t.substring(23,29);timestamp=encodeURIComponent(timestamp1);var title=post.title.$t;if(title!=''){if(itemCount==0||(itemCount%pageCount==(pageCount-1))){if(thisUrl.indexOf(timestamp)!=-1){thisNum=postNum}if(title!='')postNum++;htmlMap[htmlMap.length]='/search/label/'+thisLable+'?updated-max='+timestamp+'&max-results='+pageCount}}itemCount++}for(var p=0;p<htmlMap.length;p++){if(p>=(thisNum-displayPageNum-1)&&p<(thisNum+displayPageNum)){if(fFlag==0&&p==thisNum-2){if(thisNum==2){upPageHtml=labelHtml+upPageWord+'</a></span>'}else{upPageHtml='<span class="showpage"><a href="'+htmlMap[p]+'">'+upPageWord+'</a></span>'}fFlag++}if(p==(thisNum-1)){html+='<span class="showpagePoint">'+thisNum+'</span>'}else{if(p==0){html=labelHtml+'1</a></span>'}else{html+='<span class="showpageNum"><a href="'+htmlMap[p]+'">'+(p+1)+'</a></span>'}}if(eFlag==0&&p==thisNum){downPageHtml='<span class="showpage"> <a href="'+htmlMap[p]+'">'+downPageWord+'</a></span>';eFlag++}}}if(thisNum>1){if(!isLablePage){html=''+upPageHtml+' '+html+' '}else{html=''+upPageHtml+' '+html+' '}}html='<div class="showpageArea"><span style="COLOR: #000;" class="showpageOf"> Pages ('+(postNum-1)+')</span>'+html;if(thisNum<(postNum-1)){html+=downPageHtml}if(postNum==1)postNum++;html+='</div>';var pageArea=document.getElementsByName("pageArea");var blogPager=document.getElementById("blog-pager");if(postNum<=2){html=''}for(var p=0;p<pageArea.length;p++){pageArea[p].innerHTML=html}if(pageArea&&pageArea.length>0){html=''}if(blogPager){blogPager.innerHTML=html}}var home_page_url=location.href;var thisUrl=home_page_url;if(thisUrl.indexOf("/search/label/")!=-1){if(thisUrl.indexOf("?updated-max")!=-1){var lblname1=thisUrl.substring(thisUrl.indexOf("/search/label/")+14,thisUrl.indexOf("?updated-max"))}else{var lblname1=thisUrl.substring(thisUrl.indexOf("/search/label/")+14,thisUrl.indexOf("?&max"))}}var home_page="/";if(thisUrl.indexOf("?q=")==-1){if(thisUrl.indexOf("/search/label/")==-1){document.write('<script src="'+home_page+'feeds/posts/summary?alt=json-in-script&callback=showpageCount&max-results=99999" ><\/script>')}else{document.write('<script src="'+home_page+'feeds/posts/full/-/'+lblname1+'?alt=json-in-script&callback=showpageCount2&max-results=99999" ><\/script>')}}
//]]>
</script>
</b:if>
</b:if>
  <!-- / End of Page Nav / -->
<script src='https://b-trend.googlecode.com/files/superfish.js'/>
<script src='https://b-trend.googlecode.com/files/jquery.flexslider.js'/>
  
  <script type='text/javascript'>
//<![CDATA[
$(document).ready(function(){
	
  /*----------- SLIDER -------------*/	
	$('#slider').css({ display : 'block' });
						
	$('#slider').flexslider({
        animation: "slide",
        controlNav: false,
        animationLoop: true,
        slideshow: true,
        
      });

   /*------- SuperFish ---------*/
  
  $('.menu').superfish({
	speed: 'fast',
	speedOut: 'fast',
  });
});
//]]>
</script>
 <script type='text/javascript'>
//<![CDATA[

/*---------back to top---------------*/
function scrollToTop() {
$('html, body').animate({scrollTop:0}, 'slow');
}

//]]>
</script>
</body>
</html>