<?xml version="1.0" encoding="UTF-8" ?>
<!DOCTYPE html PUBLIC "-//W3C//DTD XHTML 1.0 Strict//EN" "http://www.w3.org/TR/xhtml1/DTD/xhtml1-strict.dtd">
<html expr:dir='data:blog.languageDirection' xmlns='http://www.w3.org/1999/xhtml' xmlns:b='http://www.google.com/2005/gml/b' xmlns:data='http://www.google.com/2005/gml/data' xmlns:expr='http://www.google.com/2005/gml/expr'>
<head>
<link href='http://fonts.googleapis.com/css?family=Lora' rel='stylesheet' type='text/css'/>
<link href='http://fonts.googleapis.com/css?family=GFS+Didot&amp;ver=3.8' media='all' rel='stylesheet' type='text/css'/>

<b:include data='blog' name='all-head-content'/>

<!-- Start www.bloggertipandtrick.net: Changing the Blogger Title Tag  -->
<b:if cond='data:blog.pageType == &quot;index&quot;'>
<title><data:blog.pageTitle/></title> 
<b:else/>
<title><data:blog.pageName/> ~ <data:blog.title/></title>
</b:if>
<!-- End www.bloggertipandtrick.net: Changing the Blogger Title Tag  -->

<b:skin><![CDATA[/*
-----------------------------------------------
Template Name  : Hermes Mag
Author         : NewBloggerThemes.com
Author URL     : http://newbloggerthemes.com/
Theme URL      : http://newbloggerthemes.com/hermes-mag-blogger-template/
Created Date   : Tuesday, January 14, 2014
License        : This template is free for both personal and commercial use, But to satisfy the 'attribution' clause of the license, you are required to keep the footer links intact which provides due credit to its authors.For more information about this license, please use this link :http://creativecommons.org/licenses/by/3.0/
----------------------------------------------- */
body#layout ul{list-style-type:none;list-style:none}
body#layout ul li{list-style-type:none;list-style:none}
body#layout #headerbwrap {height:auto;}
body#layout .headerbwrap2 {height:auto;}
body#layout #blogtitle {min-height:120px;}
body#layout #content {}
body#layout #slider-wrap {display:none;}
body#layout #mygallery2 {display:none;}
body#layout .social-wrap {display:none;}
body#layout .widget-bot {display:none;}
body#layout .sidebarrdivsearch {display:none;}
body#layout #headbox{display:none;}
body#layout #top{}
body#layout #nav2{width:90%;}
/* Variable definitions
   ====================

*/

/* Use this with templates/template-twocol.html */

.section, .widget {margin:0;padding:0;}

/* CSS Reset */

html,body,div,span,object,h1,h2,h3,h4,h5,h6,p,blockquote,pre,a,abbr,acronym,address,big,cite,code,del,dfn,em,img,ins,kbd,q,samp,small,strong,sub,sup,tt,var,dl,dt,dd,ol,ul,li,fieldset,form,label,legend,table,caption,tbody,tfoot,thead,tr,th,td,article,aside,canvas,details,figcaption,figure,footer,header,hgroup,menu,nav,section,summary,time,mark,audio,video{vertical-align:baseline;outline:none;font-size:100%;background:transparent;border:none;text-decoration:none;margin:0;padding:0}article,aside,details,figcaption,figure,footer,header,hgroup,menu,nav,section{display:block}b,i,hr,u,center,menu,layer,s,strike,font,xmp{vertical-align:baseline;outline:none;font-size:100%;font-weight:400;font-style:normal;background:transparent;border:none;text-decoration:none;margin:0;padding:0}h1,h2,h3,h4,h5,h6{font-style:normal;font-weight:400;margin:0 0 25px}h1{font-size:1.8em}h2{font-size:1.7em}h3{font-size:1.55em}h4{font-size:1.4em}h5{font-size:1.25em}h6{font-size:1.1em}p{margin:0 0 25px}ol,ul{list-style:none}ul{list-style:disc;margin:0 0 25px 2.5em}ol{list-style-type:decimal;margin:0 0 25px 3em}ol ol{list-style:upper-roman}ol ol ol{list-style:lower-roman}ol ol ol ol{list-style:upper-alpha}ol ol ol ol ol{list-style:lower-alpha}ul ul,ol ol,ul ol,ol ul{margin-bottom:0}dl{margin:0 0 25px 5px}dl dt{font-weight:700;margin:10px 0 0}dl dd{margin:5px 0 0 1.5em}strong{font-weight:700}strong strong{font-weight:400}em em,cite cite{font-style:normal}abbr{cursor:help}acronym{text-transform:uppercase;border-bottom:1px dashed #666;cursor:help}big{font-size:120%}small,sup,sub{font-size:80%}sup{vertical-align:baseline;position:relative;bottom:.3em}sub{vertical-align:baseline;position:relative;top:.3em}address{font-style:italic;margin:0 0 25px}li address,dd address{margin:0}blockquote{font-style:normal;margin:0 25px}blockquote,q{quotes:none}blockquote:before,blockquote:after,q:before,q:after{content:none}a img{border:none}pre{overflow:auto;font:.9em Monaco, monospace, Courier, "Courier New";line-height:25px;margin-bottom:25px;padding:10px}code{font:.9em Monaco, monospace, Courier, "Courier New"}pre code{font-size:1em}ins,dfn{font-style:italic;text-decoration:none;border-bottom:1px solid #666}del,s,strike{text-decoration:line-through}object{margin-bottom:25px}input,textarea{font-size:1em;padding:3px}:focus{outline:none}option{padding:1px 2px}table{border-collapse:collapse;border-spacing:0;margin-bottom:25px}th,td{text-align:left}hr{height:1px;margin-bottom:25px;background:#333}img.wp-smiley{max-height:12px;border:none;margin:0;padding:0}.gallery{display:block;text-align:center;margin-bottom:25px}.alignleft,.left{float:left;margin-right:20px}.alignright,.right{float:right;margin-left:20px}.aligncenter,.center{display:block;margin:0 auto 25px}.alignnone,.block{clear:both;margin:0 0 25px}.clear{clear:both}img.alignleft,img.alignright{display:inline}blockquote.alignleft,blockquote.alignright{width:33%}em,cite,blockquote em,blockquote cite{font-style:italic}a,input[type=submit],form label{cursor:pointer}

/* Drop-downs. */
div.menu ul{margin:0;padding:0;list-style:none;line-height:1.0}div.menu ul ul{position:absolute;top:-999em;width:10em}div.menu ul ul li{width:100%}div.menu li:hover{visibility:inherit}div.menu li{float:left;position:relative}div.menu a{display:block;position:relative}div.menu li:hover ul,li.sfHover ul{left:0;top:2em;z-index:99}div.menu li:hover li ul,li.sfHover li ul{top:-999em}div.menu li li:hover ul,li li.sfHover ul{left:10em;top:0}div.menu li li:hover li ul,li li.sfHover li ul{top:-999em}div.menu li li li:hover ul,li li li.sfHover ul{left:10em;top:0}

/* Galleries. */
.gallery{display:block;clear:both;overflow:hidden;margin:0 auto}.gallery .gallery-row{display:block;clear:both;overflow:hidden;margin:0}.gallery .gallery-item{overflow:hidden;float:left;margin:0;text-align:center;list-style:none;padding:0}.gallery .gallery-item .gallery-icon img{width:auto;max-width:89%;height:auto;padding:1%;margin:0 auto}.gallery-caption{margin-left:0}.gallery .col-0{width:100%}.gallery .col-1{width:100%}.gallery .col-2{width:50%}.gallery .col-3{width:33.33%}.gallery .col-4{width:25%}.gallery .col-5{width:20%}.gallery .col-6{width:16.66%}.gallery .col-7{width:14.28%}.gallery .col-8{width:12.5%}.gallery .col-9{width:11.11%}.gallery .col-10{width:10%}.gallery .col-11{width:9.09%}.gallery .col-12{width:8.33%}.gallery .col-13{width:7.69%}.gallery .col-14{width:7.14%}.gallery .col-15{width:6.66%}.gallery .col-16{width:6.25%}.gallery .col-17{width:5.88%}.gallery .col-18{width:5.55%}.gallery .col-19{width:5.26%}.gallery .col-20{width:5%}.gallery .col-21{width:4.76%}.gallery .col-22{width:4.54%}.gallery .col-23{width:4.34%}.gallery .col-24{width:4.16%}.gallery .col-25{width:4%}.gallery .col-26{width:3.84%}.gallery .col-27{width:3.7%}.gallery .col-28{width:3.57%}.gallery .col-29{width:3.44%}.gallery .col-30{width:3.33%}

/* Links */
a {
	color: #aa910c;
	}
a:hover {
	text-decoration: underline;
	color: #aa910c;
	}
a, a img, input[type=submit], input[type=button], input[type=text], textarea {
	-webkit-transition: all 0.18s ease-out;
    -moz-transition: all 0.18s ease-out;
    -ms-transition: all 0.18s ease-out;
    -o-transition: all 0.18s ease-out;
    transition: all 0.18s ease-out;
}
/* Headers */
h1, h2, h3, h4, h5, h6 {
	color: #000;
	}
h1 { font-size: 50px; }
h2 { font-size: 44px; }
h3 { font-size: 36px; }
h4 { font-size: 31px; }
h5 { font-size: 28px; }
h6 { font-size: 25px; }

#content h1 { line-height: 50px; }
#content h2 { line-height: 44px; }
#content h3 { line-height: 36px; }
#content h4 { line-height: 31px; }
#content h5 { line-height: 28px; }
#content h6 { line-height: 25px; }

/* Horizontal rule */
hr {
	height: 1px;
	background: #ddd;
	}

/* Tables */
table {
	margin: 0 0 25px 0;
	width: 100%;
	border-left: 1px solid #ddd;
	border-right: 1px solid #ddd;
	background: #fff;
	}
table caption {
	color: #999;
	}
table th {
	padding: 4px 2%;
	border-top: 1px solid #ddd;
	border-bottom: 1px solid #ddd;
	border-right: 1px solid #ddd;
	text-align: left;
	}
td {
	padding: 4px 2%;
	color: #777;
	border-bottom: 1px solid #ddd;
	border-right: 1px solid #ddd;
	}

/* Acronyms and abbreviations */
abbr {
	}
acronym {
	font-size: .9em;
	text-transform: uppercase;
	color: #555;
	background: #fcfcfc;
	border-bottom: 1px dotted #ddd;
	}
acronym:hover {
	color: #333;
	background: #f9f9f9;
	border-bottom: 1px dotted #999;
	}

/* Lists. */
ul {
	list-style: square;
	}
dl {
	margin: 0 0 25px 25px;
	}
dl dt {
	margin: 0;
	font-size: 23px;
	}
dl dd {
	margin: 0 0 5px 10px;
	padding: 0;
	color: #777;
	}

/* Blockquotes. */
blockquote, blockquote blockquote blockquote {
	overflow: hidden;
	margin: 0 0 25px 0;
	padding: 25px 25px 0 25px;
	font-size: 15px;
	color: #666;
	background: #f9f9f9;
	border-left: 5px solid #ddd;
	font: 20px/25px 'GFS Didot', serif;	
	}
blockquote blockquote {
	color: #666;
	background: #f9f9f9;
	border-left: 5px solid #ddd;
	}

/* Code */
code {
	padding: 0 3px;
	color: #555;
	background: #ddd;
	}
pre {
	padding: 25px;
	color: #555;
	background: #ddd;
	border: 1px solid #dfdfdf;
	}
pre code {
	padding: 0;
	background: transparent;
	}

/* Forms */
input[type="text"] {
	display: block;
	width: 300px;
	}
input[type="submit"]:hover {
	cursor: pointer
	}
textarea {
	display: block;
	width: 98.5%;
	}

/* Alignment */
.alignleft {
	float: left;
	margin: 0 25px 10px 0;
	}
.alignright {
	float: right;
	margin: 0 0 10px 25px;
	}
img.alignleft, img.alignright {
	margin-top: 5px;
	}
.center, .aligncenter {
	display: block;
	margin: 0 auto 25px auto !important;
	}
.block, .alignnone {
	display: block;
	margin: 0 0 25px 0;
	}
.clear {
	clear: both;
	}

/* Images */
	
.pbtthumbimg {
    float:left;
    margin:0px 10px 5px 5px;
    padding:4px;
    border:1px solid #dfdfdf;
    background:#f9f9f9;
    width:240px;
    height:180px;
}

/*-------------------------------------------------------------------------------------------*/
/* BODY & CONTAINER*/
/*-------------------------------------------------------------------------------------------*/

body {
	font: normal normal normal 20px/30px 'GFS Didot', serif;
	color: #232323;
	background: #fff;
	}

#container {
}

/*-------------------------------------------------------------------------------------------*/
/* PRIMARY MENU */
/*-------------------------------------------------------------------------------------------*/

#menu-primary {
	width: 100%;
	height: 50px;
	background: #000;
	}
#menu-primary div.wrap {
    width: 1000px;
	margin: 0 auto;
	}
#menu-primary ul {
	display: block;
	text-align: center;
}
#menu-primary li {
	float: none;
    list-style: none;
	display: inline-block;
	}
*+html #menu-primary li {
	display: inline;
	zoom: 1;
}	
#menu-primary li a {
	padding: 0px 20px;
	color: #fff;
	font: 15px/50px 'GFS Didot', serif;
	}
*+html #menu-primary li a {
	display: inline;
	zoom: 1;
}
#menu-primary li a:hover, #menu-primary li.current-menu-item a, #menu-primary li.sfHover a {
	text-decoration: underline;
	}
#menu-primary li li.current-menu-item a {
	background: #fff !important;
	color: #000;
	}
#menu-primary li {
	text-align: left;
}
#menu-primary li:hover ul li a, #menu-primary li.sfHover ul li a{
	background: #000;
	}
#menu-primary li li a, #menu-primary li li.current-menu-item li a {
	color: #fff;
	background: #000;
	text-decoration: none !important;
	line-height: 35px;
	font-size: 14px;
	display: block;
	}
#menu-primary li ul li a:hover, #menu-primary li ul li.sfHover   {
	text-decoration: none;
    background: #8a7606;
	}
/* Drop-down styles */
#menu-primary li ul {
	width: 180px !important; 
	}
#menu-primary li:hover ul, #menu-primary li.sfHover ul {
	top: 50px;
	}
#menu-primary li:hover li ul, #menu-primary li.sfHover li ul {
	top: -999em;
	}
#menu-primary li li:hover ul, #menu-primary li li.sfHover ul {
	top: -1px;
	margin-left: 0;
	left: 180px !important;
	}
#toggle-wrap {
	width: 100%;
	display: none;
}
#toggle {
	width: 70px;
	height: 40px;
	margin: 0px auto;
	display: block;
	background: #000 url(http://1.bp.blogspot.com/-bF_gxn7B9EI/UtS5O7xFhgI/AAAAAAAAKQ8/TQmiKXbVDdw/s1600/plus.png) no-repeat scroll center;
}
/*-------------------------------------------------------------------------------------------*/
/* HEADER */
/*-------------------------------------------------------------------------------------------*/

#headerbwrap {
    width: 100%;
	padding: 80px 0 50px;
	margin: 0 auto;
    clear: both;
    overflow: hidden;
	text-align: center;
}
#headerbwrap .wrap {
	width: 1000px;
	margin: 0 auto;
}
#branding {
	}
.site-title {
	font: 81px/81px 'GFS Didot', serif;
	margin: 0 0 22px 0;
	}
.site-title a {
	color: #000;
	}
.site-title a:hover {
	text-decoration: none;
}
.site-description {
	font-size: 21px;
	color: #2e2d2d;
	}
 
/*-------------------------------------------------------------------------------------------*/
/* CONTENT */
/*-------------------------------------------------------------------------------------------*/

#main {
	clear: both;
	overflow: hidden;
	width: 1000px;
	padding: 30px 0px 0;
	margin: 0 auto;
	}
#main .wrap {
	margin-bottom: 43px;
	overflow: hidden;
}
#content {
        width: 1000px;
}
#content {
	margin-bottom: 25px;
	overflow: hidden;
}
 
/*-------------------------------------------------------------------------------------------*/
/* POSTS */
/*-------------------------------------------------------------------------------------------*/

/* Posts */
.hentry {
	overflow: hidden;
	margin: 0 0 42px 0;
	border-bottom: 1px solid #ddd;
	}
.sticky {}
/* Post titles */
.hentry h2 {
	font-size: 36px;
}
.hentry .entry-title {
	font: 44px/44px 'GFS Didot', serif;
	text-transform: uppercase;
	margin: 0 0 18px 0;
	text-align: center;
	}
.entry-title a {
	color: #000;
	}
.entry-title a:hover {
	text-decoration: underline;
	}

.entry-content {
	margin-bottom: -10px;
}
/* Post excerpts */
.entry-summary p {
	margin: 0 0 10px 0;
	}
/* Post bylines/datelines */
.byline, .entry-meta {
	margin: 0 0 18px 0;
	font-size: 19px;
	color: #a2a2a2;
	text-align: center;
	}
.byline a {
	}
.byline a:hover {
	}
.entry-meta abbr, .comment-meta abbr {
	border: none;
	}
/* Post metadata */
.entry-meta {
	clear: both;
	margin: 0 0 25px 0;
	}
.entry-meta a {
 	}
.entry-meta a:hover {
	}
 .entry-meta .category, .entry-meta .post_tag {
	margin-right: 10px;
 }
/*-------------------------------------------------------------------------------------------*/
/* SUBSIDIARY SIDEBAR */
/*-------------------------------------------------------------------------------------------*/

#sidebar-subsidiary {
	overflow: hidden;
	width: 100%;
	margin: 0 auto;
	padding: 35px 0px;
	text-align: left;
	}
#sidebar-subsidiary .widgetwrap {
	float: left;
    width: 270px;
	padding: 32px 20px;
    margin: 0 35px 35px 0;
	background: #000;
	color: #515151;
	font-size: 18px;
	}
#sidebar-subsidiary .widget {
	padding: 0px;
    margin: 0px 0px 20px 0px;
	}
#sidebar-subsidiary .widget-title {
	font-size: 23px;
    color: #c5c5c5;
	margin-bottom: 20px;
	}
#sidebar-subsidiary .widget h2 {
	font-size: 23px;
    color: #c5c5c5;
	margin-bottom: 20px;
	}
#sidebar-subsidiary .widget-content {
	padding: 0px;
    margin: 0px;
	}
#sidebar-subsidiary .widget ul {
	list-style: none;
    margin-left: 0;
}
#sidebar-subsidiary .widget li ul {
        margin-left: 10px;
}
#sidebar-subsidiary .widget a {
	color: #fff;
	}
#sidebar-subsidiary .widget a:hover {
 	}

#sidebar-subsidiary .widgetwrap-3, #sidebar-subsidiary .widgetwrap-6 {
	margin-right: 0 !important;
}
#sidebar-subsidiary .widgetwrap-4, #sidebar-subsidiary .widgetwrap-8 {
	clear: both;
}
.sidebarbottom .widget {
    margin: 20px 0px 5px 0px;
    padding: 0px;
}
.sidebarbottom .widget-content {
    margin: 0px;
    padding: 0px;
}
.sidebarbottom .widget 2 {
    font-size: 28px;
    line-height: 28px;
}
.sidebarbottom .widget ul{
    list-style-type:none;
	list-style:none;
	margin:0px;
	padding:0px;
}
.sidebarbottom .widget ul li{
    padding:6px 0px;
	margin:0px;
}
/* Search form widget. */
.widget .search-form {
	overflow: hidden;
	margin: 0 0 25px 0;
	}
.widget .search-form label {
	color: #999;
	}
.widget .search-form input[type="text"] {
	width: 98%;
	text-indent: 10px;
	color: #b9b5b5;
	padding: 0;
	font: 13px/34px 'GFS Didot', serif;
	height: 34px;
	display: inline-block;
	float: left;
	border: 0;
	background: #515151;
	}
.widget .search-form input[type="submit"] {
	display: none;
	}
/*-------------------------------------------------------------------------------------------*/
/* FOOTER */
/*-------------------------------------------------------------------------------------------*/

#bottom-wrapper {
	background: url(http://3.bp.blogspot.com/-ojoJHat0V-E/UtS5PCUC0QI/AAAAAAAAKQ0/WUVZ-RqqZkU/s1600/sbbg.png);
	width: 100%;
	overflow: hidden;	
}
#bottom-wrapper .wrap {
	width: 1000px;
	margin: 0 auto;
	text-align: center;
}
#footer {
	clear: both;
	width: 1000px;
	margin: 0 auto;
	padding: 20px 0px 40px;
	font-size: 15px;
	color: #c5c5c5;
        text-align: center;
	}
.footer-default #footer {
	padding-top: 40px;
}
#footer a {
	color: #fff;
	}
#footer a:hover {
	color: #fff;
	text-decoration: underline;
	}
#footer p {
	background: #000;
	margin: 0 auto;
	padding: 5px 40px;
}
/*-------------------------------------------------------------------------------------------*/
/* Slider */
/*-------------------------------------------------------------------------------------------*/

#slider-wrap {
	width: 1000px;
	height: 490px;
	margin: 0 auto 55px;
	position: relative;
	overflow: hidden;
}
#slides {
	position:absolute;
	z-index:100;
}
.slides_container {
	width:1000px;
	overflow:hidden;
	position:relative;
	display:none;
}
.slides_container div.slide {
	width:1000px;
	height:490px;
	display:block;
}

/* Arrows */
#slides .next, #slides .prev {
	background: url(http://4.bp.blogspot.com/-xUJiOytPdCU/UtS5O08l4fI/AAAAAAAAKQs/bHsP06h6rio/s1600/pagination.png) no-repeat scroll 0 0;
	width: 40px;
	height: 40px;
	display: inline-block;
	text-indent: -9999px;
	position: absolute;
	bottom: 0px;
	z-index: 999999;
}
#slides .next {
	right: 0 !important;
	background-position: right;
}

#slides .caption {
	z-index:500;
	position:absolute;
	bottom:150px;
	left:0;
 	padding:35px 0;
	background:#000;
	font-size:32px;
	color:#fff;
	display: inline;
	text-transform: uppercase;
	text-align: center;
	opacity: 0.85;
	filter: alpha(opacity=85);
	width: 100%;
}
#slides .caption p {
	margin-bottom: 0;
}

/*-------------------------------------------------------------------------------------------*/
/* Social Networks */
/*-------------------------------------------------------------------------------------------*/

#social-wrap {
	margin-top: 30px;
	background: #000;
	display: inline-block;
	overflow: hidden;
}
*+html #social-wrap {
	display: inline;
}
.no-subsidiary-sidebar #social-wrap {
	margin-bottom: 70px;
}
#social {
	list-style: none;
	padding: 15px 40px 10px;
	margin: 0;
	display: inline-block;
}
#social li {
	padding: 0;
	display: inline-block;
}
#social li a {
	text-indent: -9999px;
	width: 32px;
	height: 36px;
	display: block;
	padding: 0;
	margin: 0px 40px 0 0;
	background: url(http://4.bp.blogspot.com/-e7AbaHXzyco/UtS5QKIIi9I/AAAAAAAAKRI/R0aqcLcuklk/s1600/social.png) no-repeat 0 0;
}
*+html #social li {
 	display: inline;
}
#social #twitter {
	margin-right: 22px;
}
#social #facebook {
	background-position: -56px 0px;
}
#social #rss {
	background-position: -131px 0px;	
}
#social #youtube {
	background-position: -203px 0px;	
}
#social #googleplus {
	background-position: -272px 0px;	
}
#social #linkedin {
	background-position: -340px 0px;	
}
#social #pinterest {
	background-position: -403px 0px;	
}
#social #flickr {
	background-position: -465px 0px;
	margin-right: 0;
}
/* Hovers */
#social #twitter:hover {
	background-position: 0px -37px;	
}
#social #facebook:hover {
	background-position: -56px -37px;
}
#social #rss:hover {
	background-position: -131px -37px;	
}
#social #youtube:hover {
	background-position: -203px -37px;	
}
#social #googleplus:hover {
	background-position: -272px -37px;	
}
#social #linkedin:hover {
	background-position: -340px -37px;	
}
#social #pinterest:hover {
	background-position: -403px -37px;	
}
#social #flickr:hover {
	background-position: -465px -37px;
}

h2.date-header {
  margin: 1.5em 0 .5em;
  display: none;
}

.main .widget {
  margin: 0 0 5px;
  padding: 0 0 2px;
}

.main .Blog {
  border-bottom-width: 0;
}

#header .description {
  color:#ffffff;
  font-size:14px;
  text-shadow:0px 1px 0px #000000;
}

/* Comments----------------------------------------------- */
#comments {
	padding:10px;
	margin-bottom:20px;
}

#comments h4 {
    font-size:22px;
    margin-bottom:10px;
}

.deleted-comment {
  font-style: italic;
  color: gray;
}

#blog-pager-newer-link {
  float: left;
}

#blog-pager-older-link {
  float: right;
}

#blog-pager {
  text-align: center;
  padding:5px;
}

.feed-links {
  clear: both;
}

.comment-form {
  /*max-width: 600px;*/
}

#navbar-iframe {
  height: 0;
  visibility: hidden;
  display: none;
}

.PopularPosts .widget-content ul li {
  padding:6px 0px;
}

.reaction-buttons table{
  border:none;
  margin-bottom:5px;
}

.reaction-buttons table, .reaction-buttons td{
  border:none !important;
}

]]></b:skin>

<script src='https://ajax.googleapis.com/ajax/libs/jquery/1.10.2/jquery.min.js' type='text/javascript'/>

<script type='text/javascript'>
//<![CDATA[

/*! jQuery Migrate v1.2.1 | (c) 2005, 2013 jQuery Foundation, Inc. and other contributors | jquery.org/license */
jQuery.migrateMute===void 0&&(jQuery.migrateMute=!0),function(e,t,n){function r(n){var r=t.console;i[n]||(i[n]=!0,e.migrateWarnings.push(n),r&&r.warn&&!e.migrateMute&&(r.warn("JQMIGRATE: "+n),e.migrateTrace&&r.trace&&r.trace()))}function a(t,a,i,o){if(Object.defineProperty)try{return Object.defineProperty(t,a,{configurable:!0,enumerable:!0,get:function(){return r(o),i},set:function(e){r(o),i=e}}),n}catch(s){}e._definePropertyBroken=!0,t[a]=i}var i={};e.migrateWarnings=[],!e.migrateMute&&t.console&&t.console.log&&t.console.log("JQMIGRATE: Logging is active"),e.migrateTrace===n&&(e.migrateTrace=!0),e.migrateReset=function(){i={},e.migrateWarnings.length=0},"BackCompat"===document.compatMode&&r("jQuery is not compatible with Quirks Mode");var o=e("<input/>",{size:1}).attr("size")&&e.attrFn,s=e.attr,u=e.attrHooks.value&&e.attrHooks.value.get||function(){return null},c=e.attrHooks.value&&e.attrHooks.value.set||function(){return n},l=/^(?:input|button)$/i,d=/^[238]$/,p=/^(?:autofocus|autoplay|async|checked|controls|defer|disabled|hidden|loop|multiple|open|readonly|required|scoped|selected)$/i,f=/^(?:checked|selected)$/i;a(e,"attrFn",o||{},"jQuery.attrFn is deprecated"),e.attr=function(t,a,i,u){var c=a.toLowerCase(),g=t&&t.nodeType;return u&&(4>s.length&&r("jQuery.fn.attr( props, pass ) is deprecated"),t&&!d.test(g)&&(o?a in o:e.isFunction(e.fn[a])))?e(t)[a](i):("type"===a&&i!==n&&l.test(t.nodeName)&&t.parentNode&&r("Can't change the 'type' of an input or button in IE 6/7/8"),!e.attrHooks[c]&&p.test(c)&&(e.attrHooks[c]={get:function(t,r){var a,i=e.prop(t,r);return i===!0||"boolean"!=typeof i&&(a=t.getAttributeNode(r))&&a.nodeValue!==!1?r.toLowerCase():n},set:function(t,n,r){var a;return n===!1?e.removeAttr(t,r):(a=e.propFix[r]||r,a in t&&(t[a]=!0),t.setAttribute(r,r.toLowerCase())),r}},f.test(c)&&r("jQuery.fn.attr('"+c+"') may use property instead of attribute")),s.call(e,t,a,i))},e.attrHooks.value={get:function(e,t){var n=(e.nodeName||"").toLowerCase();return"button"===n?u.apply(this,arguments):("input"!==n&&"option"!==n&&r("jQuery.fn.attr('value') no longer gets properties"),t in e?e.value:null)},set:function(e,t){var a=(e.nodeName||"").toLowerCase();return"button"===a?c.apply(this,arguments):("input"!==a&&"option"!==a&&r("jQuery.fn.attr('value', val) no longer sets properties"),e.value=t,n)}};var g,h,v=e.fn.init,m=e.parseJSON,y=/^([^<]*)(<[\w\W]+>)([^>]*)$/;e.fn.init=function(t,n,a){var i;return t&&"string"==typeof t&&!e.isPlainObject(n)&&(i=y.exec(e.trim(t)))&&i[0]&&("<"!==t.charAt(0)&&r("$(html) HTML strings must start with '<' character"),i[3]&&r("$(html) HTML text after last tag is ignored"),"#"===i[0].charAt(0)&&(r("HTML string cannot start with a '#' character"),e.error("JQMIGRATE: Invalid selector string (XSS)")),n&&n.context&&(n=n.context),e.parseHTML)?v.call(this,e.parseHTML(i[2],n,!0),n,a):v.apply(this,arguments)},e.fn.init.prototype=e.fn,e.parseJSON=function(e){return e||null===e?m.apply(this,arguments):(r("jQuery.parseJSON requires a valid JSON string"),null)},e.uaMatch=function(e){e=e.toLowerCase();var t=/(chrome)[ \/]([\w.]+)/.exec(e)||/(webkit)[ \/]([\w.]+)/.exec(e)||/(opera)(?:.*version|)[ \/]([\w.]+)/.exec(e)||/(msie) ([\w.]+)/.exec(e)||0>e.indexOf("compatible")&&/(mozilla)(?:.*? rv:([\w.]+)|)/.exec(e)||[];return{browser:t[1]||"",version:t[2]||"0"}},e.browser||(g=e.uaMatch(navigator.userAgent),h={},g.browser&&(h[g.browser]=!0,h.version=g.version),h.chrome?h.webkit=!0:h.webkit&&(h.safari=!0),e.browser=h),a(e,"browser",e.browser,"jQuery.browser is deprecated"),e.sub=function(){function t(e,n){return new t.fn.init(e,n)}e.extend(!0,t,this),t.superclass=this,t.fn=t.prototype=this(),t.fn.constructor=t,t.sub=this.sub,t.fn.init=function(r,a){return a&&a instanceof e&&!(a instanceof t)&&(a=t(a)),e.fn.init.call(this,r,a,n)},t.fn.init.prototype=t.fn;var n=t(document);return r("jQuery.sub() is deprecated"),t},e.ajaxSetup({converters:{"text json":e.parseJSON}});var b=e.fn.data;e.fn.data=function(t){var a,i,o=this[0];return!o||"events"!==t||1!==arguments.length||(a=e.data(o,t),i=e._data(o,t),a!==n&&a!==i||i===n)?b.apply(this,arguments):(r("Use of jQuery.fn.data('events') is deprecated"),i)};var j=/\/(java|ecma)script/i,w=e.fn.andSelf||e.fn.addBack;e.fn.andSelf=function(){return r("jQuery.fn.andSelf() replaced by jQuery.fn.addBack()"),w.apply(this,arguments)},e.clean||(e.clean=function(t,a,i,o){a=a||document,a=!a.nodeType&&a[0]||a,a=a.ownerDocument||a,r("jQuery.clean() is deprecated");var s,u,c,l,d=[];if(e.merge(d,e.buildFragment(t,a).childNodes),i)for(c=function(e){return!e.type||j.test(e.type)?o?o.push(e.parentNode?e.parentNode.removeChild(e):e):i.appendChild(e):n},s=0;null!=(u=d[s]);s++)e.nodeName(u,"script")&&c(u)||(i.appendChild(u),u.getElementsByTagName!==n&&(l=e.grep(e.merge([],u.getElementsByTagName("script")),c),d.splice.apply(d,[s+1,0].concat(l)),s+=l.length));return d});var Q=e.event.add,x=e.event.remove,k=e.event.trigger,N=e.fn.toggle,T=e.fn.live,M=e.fn.die,S="ajaxStart|ajaxStop|ajaxSend|ajaxComplete|ajaxError|ajaxSuccess",C=RegExp("\\b(?:"+S+")\\b"),H=/(?:^|\s)hover(\.\S+|)\b/,A=function(t){return"string"!=typeof t||e.event.special.hover?t:(H.test(t)&&r("'hover' pseudo-event is deprecated, use 'mouseenter mouseleave'"),t&&t.replace(H,"mouseenter$1 mouseleave$1"))};e.event.props&&"attrChange"!==e.event.props[0]&&e.event.props.unshift("attrChange","attrName","relatedNode","srcElement"),e.event.dispatch&&a(e.event,"handle",e.event.dispatch,"jQuery.event.handle is undocumented and deprecated"),e.event.add=function(e,t,n,a,i){e!==document&&C.test(t)&&r("AJAX events should be attached to document: "+t),Q.call(this,e,A(t||""),n,a,i)},e.event.remove=function(e,t,n,r,a){x.call(this,e,A(t)||"",n,r,a)},e.fn.error=function(){var e=Array.prototype.slice.call(arguments,0);return r("jQuery.fn.error() is deprecated"),e.splice(0,0,"error"),arguments.length?this.bind.apply(this,e):(this.triggerHandler.apply(this,e),this)},e.fn.toggle=function(t,n){if(!e.isFunction(t)||!e.isFunction(n))return N.apply(this,arguments);r("jQuery.fn.toggle(handler, handler...) is deprecated");var a=arguments,i=t.guid||e.guid++,o=0,s=function(n){var r=(e._data(this,"lastToggle"+t.guid)||0)%o;return e._data(this,"lastToggle"+t.guid,r+1),n.preventDefault(),a[r].apply(this,arguments)||!1};for(s.guid=i;a.length>o;)a[o++].guid=i;return this.click(s)},e.fn.live=function(t,n,a){return r("jQuery.fn.live() is deprecated"),T?T.apply(this,arguments):(e(this.context).on(t,this.selector,n,a),this)},e.fn.die=function(t,n){return r("jQuery.fn.die() is deprecated"),M?M.apply(this,arguments):(e(this.context).off(t,this.selector||"**",n),this)},e.event.trigger=function(e,t,n,a){return n||C.test(e)||r("Global events are undocumented and deprecated"),k.call(this,e,t,n||document,a)},e.each(S.split("|"),function(t,n){e.event.special[n]={setup:function(){var t=this;return t!==document&&(e.event.add(document,n+"."+e.guid,function(){e.event.trigger(n,null,t,!0)}),e._data(this,n,e.guid++)),!1},teardown:function(){return this!==document&&e.event.remove(document,n+"."+e._data(this,n)),!1}}})}(jQuery,window);

//]]>
</script>

<script type='text/javascript'>
//<![CDATA[

function showrecentcomments(json){for(var i=0;i<a_rc;i++){var b_rc=json.feed.entry[i];var c_rc;if(i==json.feed.entry.length)break;for(var k=0;k<b_rc.link.length;k++){if(b_rc.link[k].rel=='alternate'){c_rc=b_rc.link[k].href;break;}}c_rc=c_rc.replace("#","#comment-");var d_rc=c_rc.split("#");d_rc=d_rc[0];var e_rc=d_rc.split("/");e_rc=e_rc[5];e_rc=e_rc.split(".html");e_rc=e_rc[0];var f_rc=e_rc.replace(/-/g," ");f_rc=f_rc.link(d_rc);var g_rc=b_rc.published.$t;var h_rc=g_rc.substring(0,4);var i_rc=g_rc.substring(5,7);var j_rc=g_rc.substring(8,10);var k_rc=new Array();k_rc[1]="Jan";k_rc[2]="Feb";k_rc[3]="Mar";k_rc[4]="Apr";k_rc[5]="May";k_rc[6]="Jun";k_rc[7]="Jul";k_rc[8]="Aug";k_rc[9]="Sep";k_rc[10]="Oct";k_rc[11]="Nov";k_rc[12]="Dec";if("content" in b_rc){var l_rc=b_rc.content.$t;}else if("summary" in b_rc){var l_rc=b_rc.summary.$t;}else var l_rc="";var re=/<\S[^>]*>/g;l_rc=l_rc.replace(re,"");if(m_rc==true)document.write('On '+k_rc[parseInt(i_rc,10)]+' '+j_rc+' ');document.write('<a href="'+c_rc+'">'+b_rc.author[0].name.$t+'</a> commented');if(n_rc==true)document.write(' on '+f_rc);document.write(': ');if(l_rc.length<o_rc){document.write('<i>&#8220;');document.write(l_rc);document.write('&#8221;</i><br/><br/>');}else{document.write('<i>&#8220;');l_rc=l_rc.substring(0,o_rc);var p_rc=l_rc.lastIndexOf(" ");l_rc=l_rc.substring(0,p_rc);document.write(l_rc+'&hellip;&#8221;</i>');document.write('<br/><br/>');}}}

function rp(json){document.write('<ul>');for(var i=0;i<numposts;i++){document.write('<li>');var entry=json.feed.entry[i];var posttitle=entry.title.$t;var posturl;if(i==json.feed.entry.length)break;for(var k=0;k<entry.link.length;k++){if(entry.link[k].rel=='alternate'){posturl=entry.link[k].href;break}}posttitle=posttitle.link(posturl);var readmorelink="(more)";readmorelink=readmorelink.link(posturl);var postdate=entry.published.$t;var cdyear=postdate.substring(0,4);var cdmonth=postdate.substring(5,7);var cdday=postdate.substring(8,10);var monthnames=new Array();monthnames[1]="Jan";monthnames[2]="Feb";monthnames[3]="Mar";monthnames[4]="Apr";monthnames[5]="May";monthnames[6]="Jun";monthnames[7]="Jul";monthnames[8]="Aug";monthnames[9]="Sep";monthnames[10]="Oct";monthnames[11]="Nov";monthnames[12]="Dec";if("content"in entry){var postcontent=entry.content.$t}else if("summary"in entry){var postcontent=entry.summary.$t}else var postcontent="";var re=/<\S[^>]*>/g;postcontent=postcontent.replace(re,"");document.write(posttitle);if(showpostdate==true)document.write(' - '+monthnames[parseInt(cdmonth,10)]+' '+cdday);if(showpostsummary==true){if(postcontent.length<numchars){document.write(postcontent)}else{postcontent=postcontent.substring(0,numchars);var quoteEnd=postcontent.lastIndexOf(" ");postcontent=postcontent.substring(0,quoteEnd);document.write(postcontent+'...'+readmorelink)}}document.write('</li>')}document.write('</ul>')}

//]]>
</script>

<script type='text/javascript'>
summary_noimg = 400;
summary_img = 400;
img_thumb_height = 150;
img_thumb_width = 200; 
</script>
<script type='text/javascript'>
//<![CDATA[

function removeHtmlTag(strx,chop){ 
	if(strx.indexOf("<")!=-1)
	{
		var s = strx.split("<"); 
		for(var i=0;i<s.length;i++){ 
			if(s[i].indexOf(">")!=-1){ 
				s[i] = s[i].substring(s[i].indexOf(">")+1,s[i].length); 
			} 
		} 
		strx =  s.join(""); 
	}
	chop = (chop < strx.length-1) ? chop : strx.length-2; 
	while(strx.charAt(chop-1)!=' ' && strx.indexOf(' ',chop)!=-1) chop++; 
	strx = strx.substring(0,chop-1); 
	return strx+'...'; 
}

function createSummaryAndThumb(pID){
	var div = document.getElementById(pID);
	var imgtag = "";
	var img = div.getElementsByTagName("img");
	var summ = summary_noimg;
	if(img.length>=1) {	
		imgtag = '<img src="'+img[0].src+'" class="pbtthumbimg"/>';
		summ = summary_img;
	}
	
	var summary = imgtag + '<div>' + removeHtmlTag(div.innerHTML,summ) + '</div>';
	div.innerHTML = summary;
}

//]]>
</script>

<b:if cond='data:blog.pageType == &quot;static_page&quot;'>
<style type='text/css'>
#menu-primary {
	background: #fff;
}
#menu-primary li a {
	color: #000;
}
#menu-primary li:hover ul li a, #menu-primary li.sfHover ul li a {
	background: #fff;
	color: #000;
}
#menu-primary li ul li a:hover, #menu-primary li ul li.sfHover   {
	text-decoration: none;
    background: #8a7606;
	color: #fff;
}
#toggle-wrap {
	background: #000;
	position: relative\0/;
}
#toggle {
	background: #fff url(http://1.bp.blogspot.com/-2h1ClkGkcYM/UtS5P7pbQuI/AAAAAAAAKRE/yuyZWPG4Jog/s1600/singleplus.png) no-repeat scroll center;
}
#headerbwrap {
	background: #000;
}
.site-title a {
	color: #fff;
}
.site-description {
	color: #363636;
}
#main {
	padding-top: 70px;
}
.entry-content {
	margin-bottom: 25px;
}
.byline {}
</style>
</b:if>
<b:if cond='data:blog.pageType == &quot;item&quot;'>
<style type='text/css'>
#menu-primary {
	background: #fff;
}
#menu-primary li a {
	color: #000;
}
#menu-primary li:hover ul li a, #menu-primary li.sfHover ul li a {
	background: #fff;
	color: #000;
}
#menu-primary li ul li a:hover, #menu-primary li ul li.sfHover   {
	text-decoration: none;
    background: #8a7606;
	color: #fff;
}
#toggle-wrap {
	background: #000;
	position: relative\0/;
}
#toggle {
	background: #fff url(http://1.bp.blogspot.com/-2h1ClkGkcYM/UtS5P7pbQuI/AAAAAAAAKRE/yuyZWPG4Jog/s1600/singleplus.png) no-repeat scroll center;
}
#headerbwrap {
	background: #000;
}
.site-title a {
	color: #fff;
}
.site-description {
	color: #363636;
}
#main {
	padding-top: 70px;
}
.entry-content {
	margin-bottom: 25px;
}
.byline {}
</style>
</b:if>

</head>

<body>

<div id='container'>

<div class='menu-container' id='menu-primary'>
<div class='wrap' id='primary-wrap'>
<div class='menu'>
<ul id='menu-primary-items'>

<li><a expr:href='data:blog.homepageUrl'>Home</a></li>

<li><a href='#'>Business</a>
<ul class='sub-menu'>
<li><a href='#'>Internet</a></li>
<li><a href='#'>Market</a></li>
<li><a href='#'>Stock</a></li>
</ul>
</li>

<li><a href='#'>Downloads</a>
<ul class='sub-menu'>
<li><a href='#'>Dvd</a></li>
<li><a href='#'>Games</a></li>
<li><a href='#'>Software</a>
<ul class='sub-menu'>
<li><a href='#'>Office</a>
</li>
</ul>
</li>
</ul>
</li>

<li><a href='#'>Parent Category</a>
<ul class='sub-menu'>
<li><a href='#'>Child Category 1</a>
<ul class='sub-menu'>
<li><a href='#'>Sub Child Category 1</a></li>
<li><a href='#'>Sub Child Category 2</a></li>
<li><a href='#'>Sub Child Category 3</a></li>
</ul>
</li>
<li><a href='#'>Child Category 2</a></li>
<li><a href='#'>Child Category 3</a></li>
<li><a href='#'>Child Category 4</a></li>
</ul>
</li>

<li><a href='#'>Featured</a></li>

<li><a href='#'>Health</a>
<ul class='sub-menu'>
<li><a href='#'>Childcare</a></li>
<li><a href='#'>Doctors</a></li>
</ul>
</li>

<li><a href='#'>Uncategorized</a></li>
		
</ul>
</div>
</div>
</div><!-- #menu-primary .menu-container -->

<div id='toggle-wrap'>
	<a href='#menu-primary' id='toggle'/>
</div>

<div id='headerbwrap'>
<div class='wrap'>
<div id='branding'>
<b:section class='headersec' id='headersec' maxwidgets='1' showaddelement='no'>
  <b:widget id='Header1' locked='true' title='Hermes Mag (Header)' type='Header'>
    <b:includable id='main'>
  <b:if cond='data:useImage'>
    <b:if cond='data:imagePlacement == &quot;REPLACE&quot;'>
      <!--Show just the image, no text-->
      <div id='header-inner'>
        <a expr:href='data:blog.homepageUrl' style='display: block'>
          <img expr:alt='data:title' expr:height='data:height' expr:id='data:widget.instanceId + &quot;_headerimg&quot;' expr:src='data:sourceUrl' expr:width='data:width' style='display: block;padding-left:0px;padding-top:0px;'/>
        </a>
      </div>
    <b:else/>
      <!--
      Show image as background to text. You can't really calculate the width
      reliably in JS because margins are not taken into account by any of
      clientWidth, offsetWidth or scrollWidth, so we don't force a minimum
      width if the user is using shrink to fit.
      This results in a margin-width's worth of pixels being cropped. If the
      user is not using shrink to fit then we expand the header.
      -->
      <div expr:style='&quot;background-image: url(\&quot;&quot; + data:sourceUrl + &quot;\&quot;); &quot;                      + &quot;background-position: &quot;                      + data:backgroundPositionStyleStr + &quot;; &quot;                      + data:widthStyleStr                      + &quot;min-height: &quot; + data:height + &quot;px;&quot;                      + &quot;_height: &quot; + data:height + &quot;px;&quot;                      + &quot;background-repeat: no-repeat; &quot;' id='header-inner'>
        <div class='titlewrapper' style='background: transparent'>
          <h1 class='site-title' style='background: transparent; border-width: 0px'>
            <b:include name='title'/>
          </h1>
        </div>
        <b:include name='description'/>
      </div>
    </b:if>
  <b:else/>
    <!--No header image -->
    <div id='header-inner'>
      <div class='titlewrapper'>
        <h1 class='site-title'>
          <b:include name='title'/>
        </h1>
      </div>
      <b:include name='description'/>
    </div>
  </b:if>
</b:includable>
    <b:includable id='description'>
  <div class='descriptionwrapper'>
    <h2 class='site-description'><data:description/></h2>
  </div>
</b:includable>
    <b:includable id='title'>
<a expr:href='data:blog.homepageUrl'><data:title/></a>
</b:includable>
  </b:widget>
</b:section>
</div><!-- #branding -->
</div><!-- .wrap -->
</div><!-- #header -->

<!-- featured post slider started -->
<b:if cond='data:blog.pageType != &quot;static_page&quot;'>
<b:if cond='data:blog.pageType != &quot;item&quot;'>

<div id='slider-wrap'>
<div id='slides'>
<div class='slides_container'>

   <!-- slide 1 code start -->
   <div class='slide'>
      <a href='ENTER-SLIDE-1-LINK-HERE'><img height='490' src='http://2.bp.blogspot.com/-XprtQ9SXWI8/UtS5c7pJO6I/AAAAAAAAKRo/aSFfec4uSh4/s1600/slide-image-1.jpg' width='1000'/></a>
      <div class='caption' style='bottom:0'>
         <p>Enter Slide 1 Title Here</p>
      </div>
   </div>
   <!-- slide 1 code end -->
   
   <!-- slide 2 code start -->
   <div class='slide'>
      <a href='ENTER-SLIDE-2-LINK-HERE'><img height='490' src='http://4.bp.blogspot.com/-CjlT3qX36fg/UtS5gb1kh-I/AAAAAAAAKR0/RkR1Myx7AN8/s1600/slide-image-2.jpg' width='1000'/></a>
      <div class='caption' style='bottom:0'>
         <p>Enter Slide 2 Title Here</p>
      </div>
   </div>
   <!-- slide 2 code end -->
   
   <!-- slide 3 code start -->
   <div class='slide'>
      <a href='ENTER-SLIDE-3-LINK-HERE'><img height='490' src='http://2.bp.blogspot.com/-QzwsaHw58oI/UtS5gj8mxXI/AAAAAAAAKR4/uSK6FOKa0zo/s1600/slide-image-3.jpg' width='1000'/></a>
      <div class='caption' style='bottom:0'>
         <p>Enter Slide 3 Title Here</p>
      </div>
   </div>
   <!-- slide 3 code end -->
   
</div>
</div>
</div>

</b:if>
</b:if>
<!-- featured post slider end -->

<div id='main'>
<div class='wrap'>
<div id='content'>
<div id='crosscol-wrapper' style='text-align:center'>
    <b:section class='crosscol' id='crosscol' showaddelement='yes'/>
</div>

<b:section class='mainblogsec' id='mainblogsec' showaddelement='no'>
  <b:widget id='Blog1' locked='true' title='Blog Posts' type='Blog'>
    <b:includable id='main' var='top'>
  <b:if cond='data:mobile == &quot;false&quot;'>

    <!-- posts -->
    <div class='blog-posts hfeed'>

      <b:include data='top' name='status-message'/>

      <data:defaultAdStart/>
      <b:loop values='data:posts' var='post'>
        <b:if cond='data:post.isDateStart'>
          <b:if cond='data:post.isFirstPost == &quot;false&quot;'>
            &lt;/div&gt;&lt;/div&gt;
          </b:if>
        </b:if>
        <b:if cond='data:post.isDateStart'>
          &lt;div class=&quot;date-outer&quot;&gt;
        </b:if>
        <b:if cond='data:post.dateHeader'>
          <h2 class='date-header'><span><data:post.dateHeader/></span></h2>
        </b:if>
        <b:if cond='data:post.isDateStart'>
          &lt;div class=&quot;date-posts&quot;&gt;
        </b:if>
        <div class='post-outer'>
        <b:include data='post' name='post'/>
        <b:if cond='data:blog.pageType == &quot;static_page&quot;'>
          <b:if cond='data:post.showThreadedComments'>
            <b:include data='post' name='threaded_comments'/>
          <b:else/>
            <b:include data='post' name='comments'/>
          </b:if>
        </b:if>
        <b:if cond='data:blog.pageType == &quot;item&quot;'>
          <b:if cond='data:post.showThreadedComments'>
            <b:include data='post' name='threaded_comments'/>
          <b:else/>
            <b:include data='post' name='comments'/>
          </b:if>
        </b:if>
        </div>
        <b:if cond='data:post.includeAd'>
          <b:if cond='data:post.isFirstPost'>
            <data:defaultAdEnd/>
          <b:else/>
            <data:adEnd/>
          </b:if>
          <div class='inline-ad'>
            <data:adCode/>
          </div>
          <data:adStart/>
        </b:if>
      </b:loop>
      <b:if cond='data:numPosts != 0'>
        &lt;/div&gt;&lt;/div&gt;
      </b:if>
      <data:adEnd/>
    </div>

<div style='clear: both;'/>
<b:if cond='data:blog.pageType != &quot;item&quot;'>
<!-- navigation -->
<b:include name='nextprev'/>
</b:if>

    <!-- feed links -->
    <b:include name='feedLinks'/>

    <b:if cond='data:top.showStars'>
      <script src='//www.google.com/jsapi' type='text/javascript'/>
      <script type='text/javascript'>
        google.load(&quot;annotations&quot;, &quot;1&quot;, {&quot;locale&quot;: &quot;<data:top.languageCode/>&quot;});
        function initialize() {
          google.annotations.setApplicationId(<data:top.blogspotReviews/>);
          google.annotations.createAll();
          google.annotations.fetch();
        }
        google.setOnLoadCallback(initialize);
      </script>
    </b:if>

  <b:else/>
    <b:include name='mobile-main'/>
  </b:if>

  <b:if cond='data:top.showDummy'>
    <data:top.dummyBootstrap/>
  </b:if>

</b:includable>
    <b:includable id='backlinkDeleteIcon' var='backlink'>
  <span expr:class='&quot;item-control &quot; + data:backlink.adminClass'>
    <a expr:href='data:backlink.deleteUrl' expr:title='data:top.deleteBacklinkMsg'>
      <img src='//www.blogger.com/img/icon_delete13.gif'/>
    </a>
  </span>
</b:includable>
    <b:includable id='backlinks' var='post'>
  <a name='links'/><h4><data:post.backlinksLabel/></h4>
  <b:if cond='data:post.numBacklinks != 0'>
    <dl class='comments-block' id='comments-block'>
      <b:loop values='data:post.backlinks' var='backlink'>
        <div class='collapsed-backlink backlink-control'>
          <dt class='comment-title'>
            <span class='backlink-toggle-zippy'>&#160;</span>
            <a expr:href='data:backlink.url' rel='nofollow'><data:backlink.title/></a>
            <b:include data='backlink' name='backlinkDeleteIcon'/>
          </dt>
          <dd class='comment-body collapseable'>
            <data:backlink.snippet/>
          </dd>
          <dd class='comment-footer collapseable'>
            <span class='comment-author'><data:post.authorLabel/> <data:backlink.author/></span>
            <span class='comment-timestamp'><data:post.timestampLabel/> <data:backlink.timestamp/></span>
          </dd>
        </div>
      </b:loop>
    </dl>
  </b:if>
  <p class='comment-footer'>
    <a class='comment-link' expr:href='data:post.createLinkUrl' expr:id='data:widget.instanceId + &quot;_backlinks-create-link&quot;' target='_blank'><data:post.createLinkLabel/></a>
  </p>
</b:includable>
    <b:includable id='comment-form' var='post'>
  <div class='comment-form'>
    <a name='comment-form'/>
    <b:if cond='data:mobile'>
      <h4 id='comment-post-message'>
        <a expr:id='data:widget.instanceId + &quot;_comment-editor-toggle-link&quot;' href='javascript:void(0)'><data:postCommentMsg/></a></h4>
      <p><data:blogCommentMessage/></p>
      <data:blogTeamBlogMessage/>
      <a expr:href='data:post.commentFormIframeSrc' id='comment-editor-src'/>
      <iframe allowtransparency='true' class='blogger-iframe-colorize blogger-comment-from-post' frameborder='0' height='410' id='comment-editor' name='comment-editor' src='' style='display: none' width='100%'/>
    <b:else/>
      <h4 id='comment-post-message'><data:postCommentMsg/></h4>
      <p><data:blogCommentMessage/></p>
      <data:blogTeamBlogMessage/>
      <a expr:href='data:post.commentFormIframeSrc' id='comment-editor-src'/>
      <iframe allowtransparency='true' class='blogger-iframe-colorize blogger-comment-from-post' frameborder='0' height='410' id='comment-editor' name='comment-editor' src='' width='100%'/>
    </b:if>
    <data:post.friendConnectJs/>
    <data:post.cmtfpIframe/>
    <script type='text/javascript'>
      BLOG_CMT_createIframe(&#39;<data:post.appRpcRelayPath/>&#39;, &#39;<data:post.communityId/>&#39;);
    </script>
  </div>
</b:includable>
    <b:includable id='commentDeleteIcon' var='comment'>
  <span expr:class='&quot;item-control &quot; + data:comment.adminClass'>
    <b:if cond='data:showCmtPopup'>
      <div class='goog-toggle-button'>
        <div class='goog-inline-block comment-action-icon'/>
      </div>
    <b:else/>
      <a class='comment-delete' expr:href='data:comment.deleteUrl' expr:title='data:top.deleteCommentMsg'>
        <img src='//www.blogger.com/img/icon_delete13.gif'/>
      </a>
    </b:if>
  </span>
</b:includable>
    <b:includable id='comment_count_picker' var='post'>
  <b:if cond='data:post.commentSource == 1'>
    <span class='cmt_count_iframe_holder' expr:data-count='data:post.numComments' expr:data-onclick='data:post.addCommentOnclick' expr:data-post-url='data:post.url' expr:data-url='data:post.canonicalUrl'>
    </span>
  <b:else/>
    <a class='comment-link' expr:href='data:post.addCommentUrl' expr:onclick='data:post.addCommentOnclick'>
      <data:post.commentLabelFull/>:
    </a>
  </b:if>
</b:includable>
    <b:includable id='comment_picker' var='post'>
  <b:if cond='data:post.commentSource == 1'>
    <b:include data='post' name='iframe_comments'/>
  <b:else/>
    <b:if cond='data:post.showThreadedComments'>
      <b:include data='post' name='threaded_comments'/>
    <b:else/>
      <b:include data='post' name='comments'/>
    </b:if>
  </b:if>
</b:includable>
    <b:includable id='comments' var='post'>
  <div class='comments' id='comments'>
    <a name='comments'/>
    <b:if cond='data:post.allowComments'>
      <h4>
        <b:if cond='data:post.numComments == 1'>
          1 <data:commentLabel/>:
        <b:else/>
          <data:post.numComments/> <data:commentLabelPlural/>:
        </b:if>
      </h4>

      <b:if cond='data:post.commentPagingRequired'>
        <span class='paging-control-container'>
          <a expr:class='data:post.oldLinkClass' expr:href='data:post.oldestLinkUrl'><data:post.oldestLinkText/></a>
          &#160;
          <a expr:class='data:post.oldLinkClass' expr:href='data:post.olderLinkUrl'><data:post.olderLinkText/></a>
          &#160;
          <data:post.commentRangeText/>
          &#160;
          <a expr:class='data:post.newLinkClass' expr:href='data:post.newerLinkUrl'><data:post.newerLinkText/></a>
          &#160;
          <a expr:class='data:post.newLinkClass' expr:href='data:post.newestLinkUrl'><data:post.newestLinkText/></a>
        </span>
      </b:if>

      <div expr:id='data:widget.instanceId + &quot;_comments-block-wrapper&quot;'>
        <dl expr:class='data:post.avatarIndentClass' id='comments-block'>
          <b:loop values='data:post.comments' var='comment'>
            <dt expr:class='&quot;comment-author &quot; + data:comment.authorClass' expr:id='data:comment.anchorName'>
              <b:if cond='data:comment.favicon'>
                <img expr:src='data:comment.favicon' height='16px' style='margin-bottom:-2px;' width='16px'/>
              </b:if>
              <a expr:name='data:comment.anchorName'/>
              <b:if cond='data:blog.enabledCommentProfileImages'>
                <data:comment.authorAvatarImage/>
              </b:if>
              <b:if cond='data:comment.authorUrl'>
                <a expr:href='data:comment.authorUrl' rel='nofollow'><data:comment.author/></a>
              <b:else/>
                <data:comment.author/>
              </b:if>
              <data:commentPostedByMsg/>
            </dt>
            <dd class='comment-body' expr:id='data:widget.instanceId + data:comment.cmtBodyIdPostfix'>
              <b:if cond='data:comment.isDeleted'>
                <span class='deleted-comment'><data:comment.body/></span>
              <b:else/>
                <p>
                  <data:comment.body/>
                </p>
              </b:if>
            </dd>
            <dd class='comment-footer'>
              <span class='comment-timestamp'>
                <a expr:href='data:comment.url' title='comment permalink'>
                  <data:comment.timestamp/>
                </a>
                <b:include data='comment' name='commentDeleteIcon'/>
              </span>
            </dd>
          </b:loop>
        </dl>
      </div>

      <b:if cond='data:post.commentPagingRequired'>
        <span class='paging-control-container'>
          <a expr:class='data:post.oldLinkClass' expr:href='data:post.oldestLinkUrl'>
            <data:post.oldestLinkText/>
          </a>
          <a expr:class='data:post.oldLinkClass' expr:href='data:post.olderLinkUrl'>
            <data:post.olderLinkText/>
          </a>
          &#160;
          <data:post.commentRangeText/>
          &#160;
          <a expr:class='data:post.newLinkClass' expr:href='data:post.newerLinkUrl'>
            <data:post.newerLinkText/>
          </a>
          <a expr:class='data:post.newLinkClass' expr:href='data:post.newestLinkUrl'>
            <data:post.newestLinkText/>
          </a>
        </span>
      </b:if>

      <p class='comment-footer'>
        <b:if cond='data:post.embedCommentForm'>
          <b:if cond='data:post.allowNewComments'>
            <b:include data='post' name='comment-form'/>
          <b:else/>
            <data:post.noNewCommentsText/>
          </b:if>
        <b:else/>
          <b:if cond='data:post.allowComments'>
            <a expr:href='data:post.addCommentUrl' expr:onclick='data:post.addCommentOnclick'><data:postCommentMsg/></a>
          </b:if>
        </b:if>

      </p>
    </b:if>
    <b:if cond='data:showCmtPopup'>
      <div id='comment-popup'>
        <iframe allowtransparency='true' frameborder='0' id='comment-actions' name='comment-actions' scrolling='no'>
        </iframe>
      </div>
    </b:if>

    <div id='backlinks-container'>
    <div expr:id='data:widget.instanceId + &quot;_backlinks-container&quot;'>
       <b:if cond='data:post.showBacklinks'>
         <b:include data='post' name='backlinks'/>
       </b:if>
    </div>
    </div>
  </div>
</b:includable>
    <b:includable id='feedLinks'>
  <b:if cond='data:blog.pageType != &quot;item&quot;'> <!-- Blog feed links -->
    <b:if cond='data:feedLinks'>
      <div class='blog-feeds'>
        <b:include data='feedLinks' name='feedLinksBody'/>
      </div>
    </b:if>

    <b:else/> <!--Post feed links -->
    <div class='post-feeds'>
      <b:loop values='data:posts' var='post'>
        <b:if cond='data:post.allowComments'>
          <b:if cond='data:post.feedLinks'>
            <b:include data='post.feedLinks' name='feedLinksBody'/>
          </b:if>
        </b:if>
      </b:loop>
    </div>
  </b:if>
</b:includable>
    <b:includable id='feedLinksBody' var='links'>
  <div class='feed-links'>
  <data:feedLinksMsg/>
  <b:loop values='data:links' var='f'>
     <a class='feed-link' expr:href='data:f.url' expr:type='data:f.mimeType' target='_blank'><data:f.name/> (<data:f.feedType/>)</a>
  </b:loop>
  </div>
</b:includable>
    <b:includable id='iframe_comments' var='post'>

  <b:if cond='data:post.allowComments'>
    <script expr:src='data:post.commentSrc' type='text/javascript'/>
    <div class='cmt_iframe_holder'/>

    <b:if cond='data:post.embedCommentForm == &quot;false&quot;'>
      <a expr:href='data:post.addCommentUrl' expr:onclick='data:post.addCommentOnclick'><data:postCommentMsg/></a>
    </b:if>
  </b:if>
</b:includable>
    <b:includable id='mobile-index-post' var='post'>
  <div class='mobile-date-outer date-outer'>
    <b:if cond='data:post.dateHeader'>
      <div class='date-header'>
        <span><data:post.dateHeader/></span>
      </div>
    </b:if>

    <div class='mobile-post-outer'>
      <a expr:href='data:post.url'>
        <h3 class='mobile-index-title entry-title'>
          <data:post.title/>
        </h3>

        <div class='mobile-index-arrow'>&amp;rsaquo;</div>

        <div class='mobile-index-contents'>
          <b:if cond='data:post.thumbnailUrl'>
            <div class='mobile-index-thumbnail'>
              <div class='Image'>
                <img expr:src='data:post.thumbnailUrl'/>
              </div>
            </div>
          </b:if>

          <div class='post-body'>
            <b:if cond='data:post.snippet'><data:post.snippet/></b:if>
          </div>
        </div>

        <div style='clear: both;'/>
      </a>

      <div class='mobile-index-comment'>
        <b:if cond='data:blog.pageType != &quot;static_page&quot;'>
          <b:if cond='data:post.allowComments'>
            <b:if cond='data:post.numComments != 0'>
              <a class='comment-link' expr:href='data:post.addCommentUrl' expr:onclick='data:post.addCommentOnclick'><b:if cond='data:post.numComments == 1'>1 <data:top.commentLabel/><b:else/><data:post.numComments/> <data:top.commentLabelPlural/></b:if></a>
            </b:if>
          </b:if>
        </b:if>
      </div>
    </div>
  </div>
</b:includable>
    <b:includable id='mobile-main' var='top'>
    <!-- posts -->
    <div class='blog-posts hfeed'>

      <b:include data='top' name='status-message'/>

      <b:if cond='data:blog.pageType == &quot;index&quot;'>
        <b:loop values='data:posts' var='post'>
          <b:include data='post' name='mobile-index-post'/>
        </b:loop>
      <b:else/>
        <b:loop values='data:posts' var='post'>
          <b:include data='post' name='mobile-post'/>
        </b:loop>
      </b:if>
    </div>

   <b:include name='mobile-nextprev'/>
</b:includable>
    <b:includable id='mobile-nextprev'>
  <div class='blog-pager' id='blog-pager'>
    <b:if cond='data:newerPageUrl'>
      <div class='mobile-link-button' id='blog-pager-newer-link'>
      <a class='blog-pager-newer-link' expr:href='data:newerPageUrl' expr:id='data:widget.instanceId + &quot;_blog-pager-newer-link&quot;' expr:title='data:newerPageTitle'>&amp;lsaquo;</a>
      </div>
    </b:if>

    <b:if cond='data:olderPageUrl'>
      <div class='mobile-link-button' id='blog-pager-older-link'>
      <a class='blog-pager-older-link' expr:href='data:olderPageUrl' expr:id='data:widget.instanceId + &quot;_blog-pager-older-link&quot;' expr:title='data:olderPageTitle'>&amp;rsaquo;</a>
      </div>
    </b:if>

    <div class='mobile-link-button' id='blog-pager-home-link'>
    <a class='home-link' expr:href='data:blog.homepageUrl'><data:homeMsg/></a>
    </div>

    <div class='mobile-desktop-link'>
      <a class='home-link' expr:href='data:desktopLinkUrl'><data:desktopLinkMsg/></a>
    </div>

  </div>
  <div class='clear'/>
</b:includable>
    <b:includable id='mobile-post' var='post'>
  <div class='date-outer'>
    <b:if cond='data:post.dateHeader'>
      <h2 class='date-header'><span><data:post.dateHeader/></span></h2>
    </b:if>
    <div class='date-posts'>
      <div class='post-outer'>

        <div class='post hentry uncustomized-post-template'>
          <a expr:name='data:post.id'/>
          <b:if cond='data:post.title'>
            <h3 class='post-title entry-title'>
              <b:if cond='data:post.link'>
                <a expr:href='data:post.link'><data:post.title/></a>
              <b:else/>
                <b:if cond='data:post.url'>
                  <b:if cond='data:blog.url != data:post.url'>
                    <a expr:href='data:post.url'><data:post.title/></a>
                  <b:else/>
                    <data:post.title/>
                  </b:if>
                <b:else/>
                  <data:post.title/>
                </b:if>
              </b:if>
            </h3>
          </b:if>

          <div class='post-header'>
            <div class='post-header-line-1'/>
          </div>

          <div class='post-body entry-content' expr:id='&quot;post-body-&quot; + data:post.id'>
            <data:post.body/>
            <div style='clear: both;'/> <!-- clear for photos floats -->
          </div>

          <div class='post-footer'>
            <div class='post-footer-line post-footer-line-1'>
              <span class='post-author vcard'>
                <b:if cond='data:top.showAuthor'>
                  <b:if cond='data:post.authorProfileUrl'>
                    <span class='fn'>
                      <a expr:href='data:post.authorProfileUrl' rel='author' title='author profile'>
                        <data:post.author/>
                      </a>
                    </span>
                  <b:else/>
                    <span class='fn'><data:post.author/></span>
                  </b:if>
                </b:if>
              </span>

              <span class='post-timestamp'>
                <b:if cond='data:top.showTimestamp'>
                  <data:top.timestampLabel/>
                  <b:if cond='data:post.url'>
                    <a class='timestamp-link' expr:href='data:post.url' rel='bookmark' title='permanent link'><abbr class='published' expr:title='data:post.timestampISO8601'><data:post.timestamp/></abbr></a>
                  </b:if>
                </b:if>
              </span>

              <span class='post-comment-link'>
                <b:if cond='data:blog.pageType != &quot;item&quot;'>
                  <b:if cond='data:blog.pageType != &quot;static_page&quot;'>
                    <b:if cond='data:post.allowComments'>
                      <a class='comment-link' expr:href='data:post.addCommentUrl' expr:onclick='data:post.addCommentOnclick'><b:if cond='data:post.numComments == 1'>1 <data:top.commentLabel/><b:else/><data:post.numComments/> <data:top.commentLabelPlural/></b:if></a>
                    </b:if>
                  </b:if>
                </b:if>
              </span>
            </div>

            <div class='post-footer-line post-footer-line-2'>
              <b:if cond='data:top.showMobileShare'>
                <div class='mobile-link-button goog-inline-block' id='mobile-share-button'>
                  <a href='javascript:void(0);'><data:shareMsg/></a>
                </div>
              </b:if>
              <b:if cond='data:top.showDummy'>
                <div class='goog-inline-block dummy-container'><data:post.dummyTag/></div>
              </b:if>
            </div>

          </div>
        </div>

        <b:if cond='data:blog.pageType == &quot;static_page&quot;'>
          <b:if cond='data:post.showThreadedComments'>
            <b:include data='post' name='threaded_comments'/>
          <b:else/>
            <b:include data='post' name='comments'/>
          </b:if>
        </b:if>
        <b:if cond='data:blog.pageType == &quot;item&quot;'>
          <b:if cond='data:post.showThreadedComments'>
            <b:include data='post' name='threaded_comments'/>
          <b:else/>
            <b:include data='post' name='comments'/>
          </b:if>
        </b:if>
      </div>
    </div>
  </div>
</b:includable>
    <b:includable id='nextprev'>
  <div class='blog-pager' id='blog-pager'>
    <b:if cond='data:newerPageUrl'>
      <span id='blog-pager-newer-link'>
      <a class='blog-pager-newer-link' expr:href='data:newerPageUrl' expr:id='data:widget.instanceId + &quot;_blog-pager-newer-link&quot;' expr:title='data:newerPageTitle'><data:newerPageTitle/></a>
      </span>
    </b:if>

    <b:if cond='data:olderPageUrl'>
      <span id='blog-pager-older-link'>
      <a class='blog-pager-older-link' expr:href='data:olderPageUrl' expr:id='data:widget.instanceId + &quot;_blog-pager-older-link&quot;' expr:title='data:olderPageTitle'><data:olderPageTitle/></a>
      </span>
    </b:if>

    <a class='home-link' expr:href='data:blog.homepageUrl'><data:homeMsg/></a>

    <b:if cond='data:mobileLinkUrl'>
      <div class='blog-mobile-link'>
        <a expr:href='data:mobileLinkUrl'><data:mobileLinkMsg/></a>
      </div>
    </b:if>

  </div>
  <div class='clear'/>
</b:includable>
    <b:includable id='post' var='post'>
<div class='post hentry'>

<a expr:name='data:post.id'/>
	
<div class='bposttitle'>
      <h2 class='post-title entry-title'>
     <b:if cond='data:post.link'>
       <a expr:href='data:post.link'><data:post.title/></a>
     <b:else/>
        <b:if cond='data:post.url'>
          <a expr:href='data:post.url'><data:post.title/></a>
        <b:else/>
          <data:post.title/>
        </b:if>
     </b:if>
      </h2>
</div>

<b:if cond='data:blog.pageType != &quot;static_page&quot;'>
<div class='byline'>By <span><a expr:href='data:post.authorProfileUrl' rel='author'><data:post.author/></a></span> on <data:post.timestamp/></div>
</b:if>

<div class='post-header-line-1'/>

<div class='post-body entry-content'>

<b:if cond='data:blog.pageType != &quot;static_page&quot;'>
<b:if cond='data:blog.pageType != &quot;item&quot;'>
<div expr:id='&quot;summary&quot; + data:post.id'><data:post.body/></div>
<script type='text/javascript'>createSummaryAndThumb(&quot;summary<data:post.id/>&quot;);</script>
</b:if>
</b:if>
<b:if cond='data:blog.pageType == &quot;item&quot;'><data:post.body/></b:if>

<b:if cond='data:blog.pageType == &quot;static_page&quot;'><data:post.body/></b:if>

<b:if cond='data:blog.pageType != &quot;static_page&quot;'>
<b:if cond='data:blog.pageType != &quot;item&quot;'>
<div style='float:right;padding-right:10px;margin-top:10px;'>
<a class='morer' expr:href='data:post.url'>Read More</a>
</div>
</b:if>
</b:if>

<b:if cond='data:blog.pageType == &quot;item&quot;'>
<div style='clear:both;'/>
<div class='post-share-buttons'>
<b:include data='post' name='shareButtons'/>
</div>
<span class='reaction-buttons'>
<b:if cond='data:top.showReactions'>
<table border='0' cellpadding='0' width='100%'><tr>
<td style='font-size:12px;padding-top:2px;' valign='top'><span class='reactions-label'><data:top.reactionsLabel/></span></td>
<td><iframe allowtransparency='true' class='reactions-iframe' expr:src='data:post.reactionsUrl' frameborder='0' name='reactions' scrolling='no'/></td>
</tr></table>
</b:if>
</span>
</b:if>

      <div style='clear: both;'/> <!-- clear for photos floats -->
</div>

<b:if cond='data:blog.pageType != &quot;static_page&quot;'>
<div class='entry-meta'><b:if cond='data:post.labels'><span><span class='before'>Posted in </span><b:loop values='data:post.labels' var='label'><a expr:href='data:label.url' rel='tag'><data:label.name/></a><b:if cond='data:label.isLast != &quot;true&quot;'>, </b:if></b:loop></span> | </b:if><b:if cond='data:post.allowComments'><a expr:href='data:post.addCommentUrl' expr:onclick='data:post.addCommentOnclick'><b:if cond='data:post.numComments == 0'>No comments</b:if><b:if cond='data:post.numComments == 1'>1 comment</b:if><b:if cond='data:post.numComments &gt;= 2'><data:post.numComments/> comments</b:if></a></b:if></div>
</b:if>

</div>
<div style='clear: both;'/>

<b:if cond='data:blog.pageType == &quot;item&quot;'>
<!-- navigation -->
<b:include name='nextprev'/>
</b:if>

</b:includable>
    <b:includable id='postQuickEdit' var='post'>
  <b:if cond='data:post.editUrl'>
    <span expr:class='&quot;item-control &quot; + data:post.adminClass'>
      <a expr:href='data:post.editUrl' expr:title='data:top.editPostMsg'>
        <img alt='' class='icon-action' height='18' src='http://img2.blogblog.com/img/icon18_edit_allbkg.gif' width='18'/>
      </a>
    </span>
  </b:if>
</b:includable>
    <b:includable id='shareButtons' var='post'>
  <b:if cond='data:top.showEmailButton'><a class='goog-inline-block share-button sb-email' expr:href='data:post.sharePostUrl + &quot;&amp;target=email&quot;' expr:title='data:top.emailThisMsg' target='_blank'><span class='share-button-link-text'><data:top.emailThisMsg/></span></a></b:if><b:if cond='data:top.showBlogThisButton'><a class='goog-inline-block share-button sb-blog' expr:href='data:post.sharePostUrl + &quot;&amp;target=blog&quot;' expr:onclick='&quot;window.open(this.href, \&quot;_blank\&quot;, \&quot;height=270,width=475\&quot;); return false;&quot;' expr:title='data:top.blogThisMsg' target='_blank'><span class='share-button-link-text'><data:top.blogThisMsg/></span></a></b:if><b:if cond='data:top.showTwitterButton'><a class='goog-inline-block share-button sb-twitter' expr:href='data:post.sharePostUrl + &quot;&amp;target=twitter&quot;' expr:title='data:top.shareToTwitterMsg' target='_blank'><span class='share-button-link-text'><data:top.shareToTwitterMsg/></span></a></b:if><b:if cond='data:top.showFacebookButton'><a class='goog-inline-block share-button sb-facebook' expr:href='data:post.sharePostUrl + &quot;&amp;target=facebook&quot;' expr:onclick='&quot;window.open(this.href, \&quot;_blank\&quot;, \&quot;height=430,width=640\&quot;); return false;&quot;' expr:title='data:top.shareToFacebookMsg' target='_blank'><span class='share-button-link-text'><data:top.shareToFacebookMsg/></span></a></b:if><b:if cond='data:top.showOrkutButton'><a class='goog-inline-block share-button sb-orkut' expr:href='data:post.sharePostUrl + &quot;&amp;target=orkut&quot;' expr:title='data:top.shareToOrkutMsg' target='_blank'><span class='share-button-link-text'><data:top.shareToOrkutMsg/></span></a></b:if><b:if cond='data:top.showDummy'><div class='goog-inline-block dummy-container'><data:post.dummyTag/></div></b:if>
</b:includable>
    <b:includable id='status-message'>
  <b:if cond='data:navMessage'>
  <div class='status-msg-wrap'>
    <div class='status-msg-body'>
      <data:navMessage/>
    </div>
    <div class='status-msg-border'>
      <div class='status-msg-bg'>
        <div class='status-msg-hidden'><data:navMessage/></div>
      </div>
    </div>
  </div>
  <div style='clear: both;'/>
  </b:if>
</b:includable>
    <b:includable id='threaded-comment-form' var='post'>
  <div class='comment-form'>
    <a name='comment-form'/>
    <b:if cond='data:mobile'>
      <p><data:blogCommentMessage/></p>
      <data:blogTeamBlogMessage/>
      <a expr:href='data:post.commentFormIframeSrc' id='comment-editor-src'/>
      <iframe allowtransparency='true' class='blogger-iframe-colorize blogger-comment-from-post' frameborder='0' height='410' id='comment-editor' name='comment-editor' src='' style='display: none' width='100%'/>
    <b:else/>
      <p><data:blogCommentMessage/></p>
      <data:blogTeamBlogMessage/>
      <a expr:href='data:post.commentFormIframeSrc' id='comment-editor-src'/>
      <iframe allowtransparency='true' class='blogger-iframe-colorize blogger-comment-from-post' frameborder='0' height='410' id='comment-editor' name='comment-editor' src='' width='100%'/>
    </b:if>
    <data:post.friendConnectJs/>
    <data:post.cmtfpIframe/>
    <script type='text/javascript'>
      BLOG_CMT_createIframe(&#39;<data:post.appRpcRelayPath/>&#39;, &#39;<data:post.communityId/>&#39;);
    </script>
  </div>
</b:includable>
    <b:includable id='threaded_comment_js' var='post'>
  <script async='async' expr:src='data:post.commentSrc' type='text/javascript'/>

  <script type='text/javascript'>
    (function() {
      var items = <data:post.commentJso/>;
      var msgs = <data:post.commentMsgs/>;
      var config = <data:post.commentConfig/>;

// <![CDATA[
      var cursor = null;
      if (items && items.length > 0) {
        cursor = parseInt(items[items.length - 1].timestamp) + 1;
      }

      var bodyFromEntry = function(entry) {
        if (entry.gd$extendedProperty) {
          for (var k in entry.gd$extendedProperty) {
            if (entry.gd$extendedProperty[k].name == 'blogger.contentRemoved') {
              return '<span class="deleted-comment">' + entry.content.$t + '</span>';
            }
          }
        }
        return entry.content.$t;
      }

      var parse = function(data) {
        cursor = null;
        var comments = [];
        if (data && data.feed && data.feed.entry) {
          for (var i = 0, entry; entry = data.feed.entry[i]; i++) {
            var comment = {};
            // comment ID, parsed out of the original id format
            var id = /blog-(\d+).post-(\d+)/.exec(entry.id.$t);
            comment.id = id ? id[2] : null;
            comment.body = bodyFromEntry(entry);
            comment.timestamp = Date.parse(entry.published.$t) + '';
            if (entry.author && entry.author.constructor === Array) {
              var auth = entry.author[0];
              if (auth) {
                comment.author = {
                  name: (auth.name ? auth.name.$t : undefined),
                  profileUrl: (auth.uri ? auth.uri.$t : undefined),
                  avatarUrl: (auth.gd$image ? auth.gd$image.src : undefined)
                };
              }
            }
            if (entry.link) {
              if (entry.link[2]) {
                comment.link = comment.permalink = entry.link[2].href;
              }
              if (entry.link[3]) {
                var pid = /.*comments\/default\/(\d+)\?.*/.exec(entry.link[3].href);
                if (pid && pid[1]) {
                  comment.parentId = pid[1];
                }
              }
            }
            comment.deleteclass = 'item-control blog-admin';
            if (entry.gd$extendedProperty) {
              for (var k in entry.gd$extendedProperty) {
                if (entry.gd$extendedProperty[k].name == 'blogger.itemClass') {
                  comment.deleteclass += ' ' + entry.gd$extendedProperty[k].value;
                }
              }
            }
            comments.push(comment);
          }
        }
        return comments;
      };

      var paginator = function(callback) {
        if (hasMore()) {
          var url = config.feed + '?alt=json&v=2&orderby=published&reverse=false&max-results=50';
          if (cursor) {
            url += '&published-min=' + new Date(cursor).toISOString();
          }
          window.bloggercomments = function(data) {
            var parsed = parse(data);
            cursor = parsed.length < 50 ? null
                : parseInt(parsed[parsed.length - 1].timestamp) + 1
            callback(parsed);
            window.bloggercomments = null;
          }
          url += '&callback=bloggercomments';
          var script = document.createElement('script');
          script.type = 'text/javascript';
          script.src = url;
          document.getElementsByTagName('head')[0].appendChild(script);
        }
      };
      var hasMore = function() {
        return !!cursor;
      };
      var getMeta = function(key, comment) {
        if ('iswriter' == key) {
          var matches = !!comment.author
              && comment.author.name == config.authorName
              && comment.author.profileUrl == config.authorUrl;
          return matches ? 'true' : '';
        } else if ('deletelink' == key) {
          return config.baseUri + '/delete-comment.g?blogID='
               + config.blogId + '&postID=' + comment.id;
        } else if ('deleteclass' == key) {
          return comment.deleteclass;
        }
        return '';
      };

      var replybox = null;
      var replyUrlParts = null;
      var replyParent = undefined;

      var onReply = function(commentId, domId) {
        if (replybox == null) {
          // lazily cache replybox, and adjust to suit this style:
          replybox = document.getElementById('comment-editor');
          if (replybox != null) {
            replybox.height = '250px';
            replybox.style.display = 'block';
            replyUrlParts = replybox.src.split('#');
          }
        }
        if (replybox && (commentId !== replyParent)) {
          document.getElementById(domId).insertBefore(replybox, null);
          replybox.src = replyUrlParts[0]
              + (commentId ? '&parentID=' + commentId : '')
              + '#' + replyUrlParts[1];
          replyParent = commentId;
        }
      };

      var hash = (window.location.hash || '#').substring(1);
      var startThread, targetComment;
      if (/^comment-form_/.test(hash)) {
        startThread = hash.substring('comment-form_'.length);
      } else if (/^c[0-9]+$/.test(hash)) {
        targetComment = hash.substring(1);
      }

      // Configure commenting API:
      var configJso = {
        'maxDepth': config.maxThreadDepth
      };
      var provider = {
        'id': config.postId,
        'data': items,
        'loadNext': paginator,
        'hasMore': hasMore,
        'getMeta': getMeta,
        'onReply': onReply,
        'rendered': true,
        'initComment': targetComment,
        'initReplyThread': startThread,
        'config': configJso,
        'messages': msgs
      };

      var render = function() {
        if (window.goog && window.goog.comments) {
          var holder = document.getElementById('comment-holder');
          window.goog.comments.render(holder, provider);
        }
      };

      // render now, or queue to render when library loads:
      if (window.goog && window.goog.comments) {
        render();
      } else {
        window.goog = window.goog || {};
        window.goog.comments = window.goog.comments || {};
        window.goog.comments.loadQueue = window.goog.comments.loadQueue || [];
        window.goog.comments.loadQueue.push(render);
      }
    })();
// ]]>
  </script>
</b:includable>
    <b:includable id='threaded_comments' var='post'>
  <div class='comments' id='comments'>
    <a name='comments'/>
    <h4><data:post.commentLabelFull/>:</h4>

    <div class='comments-content'>
      <b:if cond='data:post.embedCommentForm'>
        <b:include data='post' name='threaded_comment_js'/>
      </b:if>
      <div id='comment-holder'>
         <data:post.commentHtml/>
      </div>
    </div>

    <p class='comment-footer'>
      <b:if cond='data:post.allowNewComments'>
        <b:include data='post' name='threaded-comment-form'/>
      <b:else/>
        <data:post.noNewCommentsText/>
      </b:if>
    </p>

    <b:if cond='data:showCmtPopup'>
      <div id='comment-popup'>
        <iframe allowtransparency='true' frameborder='0' id='comment-actions' name='comment-actions' scrolling='no'>
        </iframe>
      </div>
    </b:if>

    <div id='backlinks-container'>
    <div expr:id='data:widget.instanceId + &quot;_backlinks-container&quot;'>
       <b:if cond='data:post.showBacklinks'>
         <b:include data='post' name='backlinks'/>
       </b:if>
    </div>
    </div>
  </div>
</b:includable>
  </b:widget>
</b:section>

<b:section class='sidebarbottom' id='sidebarbottom' preferred='yes'>
  <b:widget id='PopularPosts1' locked='false' title='Popular Posts' type='PopularPosts'>
    <b:includable id='main'>
  <b:if cond='data:title'><h2><data:title/></h2></b:if>
  <div class='widget-content popular-posts'>
    <ul>
      <b:loop values='data:posts' var='post'>
      <li>
        <b:if cond='data:showThumbnails == &quot;false&quot;'>
          <b:if cond='data:showSnippets == &quot;false&quot;'>
            <!-- (1) No snippet/thumbnail -->
            <a expr:href='data:post.href'><data:post.title/></a>
          <b:else/>
            <!-- (2) Show only snippets -->
            <div class='item-title'><a expr:href='data:post.href'><data:post.title/></a></div>
            <div class='item-snippet'><data:post.snippet/></div>
          </b:if>
        <b:else/>
          <b:if cond='data:showSnippets == &quot;false&quot;'>
            <!-- (3) Show only thumbnails -->
            <div class='item-thumbnail-only'>
              <b:if cond='data:post.thumbnail'>
                <div class='item-thumbnail'>
                  <a expr:href='data:post.href' target='_blank'>
                    <img alt='' border='0' expr:height='data:thumbnailSize' expr:src='data:post.thumbnail' expr:width='data:thumbnailSize'/>
                  </a>
                </div>
              </b:if>
              <div class='item-title'><a expr:href='data:post.href'><data:post.title/></a></div>
            </div>
            <div style='clear: both;'/>
          <b:else/>
            <!-- (4) Show snippets and thumbnails -->
            <div class='item-content'>
              <b:if cond='data:post.thumbnail'>
                <div class='item-thumbnail'>
                  <a expr:href='data:post.href' target='_blank'>
                    <img alt='' border='0' expr:height='data:thumbnailSize' expr:src='data:post.thumbnail' expr:width='data:thumbnailSize'/>
                  </a>
                </div>
              </b:if>
              <div class='item-title'><a expr:href='data:post.href'><data:post.title/></a></div>
              <div class='item-snippet'><data:post.snippet/></div>
            </div>
            <div style='clear: both;'/>
          </b:if>
        </b:if>
      </li>
      </b:loop>
    </ul>
    <b:include name='quickedit'/>
  </div>
</b:includable>
  </b:widget>
</b:section>
</div><!-- #content -->
</div><!-- .wrap -->
</div><!-- #main -->

<div id='bottom-wrapper'>
<div class='wrap'>
<div id='social-wrap'>
<ul id='social'>
   <li><a href='#' id='twitter' title='Twitter'/></li>
   <li><a href='#' id='facebook' title='Facebook'/></li>
   <li><a href='#' id='rss' title='RSS'/></li>
   <li><a href='#' id='youtube' title='Youtube Channel'/></li>
   <li><a href='#' id='googleplus' title='Google+ Profile'/></li>
   <li><a href='#' id='linkedin' title='Linkedin'/></li>
   <li><a href='#' id='pinterest' title='Pinterest'/></li>
   <li><a href='#' id='flickr' title='Flickr Profile'/></li>
</ul>
</div>

<div class='sidebarbottomdiv' id='sidebar-subsidiary'>

<div class='widgetwrap'>
<b:section class='footersec' id='footersec1' showaddelement='yes'>
  <b:widget id='Label1' locked='false' title='Labels' type='Label'>
    <b:includable id='main'>
  <b:if cond='data:title'>
    <h2><data:title/></h2>
  </b:if>
  <div expr:class='&quot;widget-content &quot; + data:display + &quot;-label-widget-content&quot;'>
    <b:if cond='data:display == &quot;list&quot;'>
      <ul>
      <b:loop values='data:labels' var='label'>
        <li>
          <b:if cond='data:blog.url == data:label.url'>
            <span expr:dir='data:blog.languageDirection'><data:label.name/></span>
          <b:else/>
            <a expr:dir='data:blog.languageDirection' expr:href='data:label.url'><data:label.name/></a>
          </b:if>
          <b:if cond='data:showFreqNumbers'>
            <span dir='ltr'>(<data:label.count/>)</span>
          </b:if>
        </li>
      </b:loop>
      </ul>
    <b:else/>
      <b:loop values='data:labels' var='label'>
        <span expr:class='&quot;label-size label-size-&quot; + data:label.cssSize'>
          <b:if cond='data:blog.url == data:label.url'>
            <span expr:dir='data:blog.languageDirection'><data:label.name/></span>
          <b:else/>
            <a expr:dir='data:blog.languageDirection' expr:href='data:label.url'><data:label.name/></a>
          </b:if>
          <b:if cond='data:showFreqNumbers'>
            <span class='label-count' dir='ltr'>(<data:label.count/>)</span>
          </b:if>
        </span>
      </b:loop>
    </b:if>
    <b:include name='quickedit'/>
  </div>
</b:includable>
  </b:widget>
  <b:widget id='BlogArchive1' locked='false' title='Blog Archive' type='BlogArchive'>
    <b:includable id='main'>
  <b:if cond='data:title'>
    <h2><data:title/></h2>
  </b:if>
  <div class='widget-content'>
  <div expr:class='data:blog.languageDirection' id='ArchiveList'>
  <div expr:id='data:widget.instanceId + &quot;_ArchiveList&quot;'>
    <b:if cond='data:style == &quot;HIERARCHY&quot;'>
     <b:include data='data' name='interval'/>
    </b:if>
    <b:if cond='data:style == &quot;FLAT&quot;'>
      <b:include data='data' name='flat'/>
    </b:if>
    <b:if cond='data:style == &quot;MENU&quot;'>
      <b:include data='data' name='menu'/>
    </b:if>
  </div>
  </div>
  <b:include name='quickedit'/>
  </div>
</b:includable>
    <b:includable id='flat' var='data'>
  <ul class='flat'>
    <b:loop values='data:data' var='i'>
      <li class='archivedate'>
        <a expr:href='data:i.url'><data:i.name/></a> (<data:i.post-count/>)
      </li>
    </b:loop>
  </ul>
</b:includable>
    <b:includable id='interval' var='intervalData'>
  <b:loop values='data:intervalData' var='i'>
      <ul class='hierarchy'>
        <li expr:class='&quot;archivedate &quot; + data:i.expclass'>
          <b:include data='i' name='toggle'/>
          <a class='post-count-link' expr:href='data:i.url'><data:i.name/></a>
            <span class='post-count' dir='ltr'>(<data:i.post-count/>)</span>
          <b:if cond='data:i.data'>
            <b:include data='i.data' name='interval'/>
          </b:if>
          <b:if cond='data:i.posts'>
            <b:include data='i.posts' name='posts'/>
          </b:if>
        </li>
      </ul>
  </b:loop>
</b:includable>
    <b:includable id='menu' var='data'>
  <select expr:id='data:widget.instanceId + &quot;_ArchiveMenu&quot;'>
    <option value=''><data:title/></option>
    <b:loop values='data:data' var='i'>
      <option expr:value='data:i.url'>
        <data:i.name/> (<data:i.post-count/>)</option>
    </b:loop>
  </select>
</b:includable>
    <b:includable id='posts' var='posts'>
  <ul class='posts'>
    <b:loop values='data:posts' var='i'>
      <li><a expr:href='data:i.url'><data:i.title/></a></li>
    </b:loop>
  </ul>
</b:includable>
    <b:includable id='toggle' var='interval'>
  <b:if cond='data:interval.toggleId'>
    <a class='toggle'>
      <span class='zippy'/>
    </a>
 </b:if>
</b:includable>
  </b:widget>
</b:section>
</div>

<div class='widgetwrap'>
<b:section class='footersec' id='footersec2' showaddelement='yes'>
  <b:widget id='Text1' locked='false' title='Text Widget' type='Text'>
    <b:includable id='main'>
  <!-- only display title if it's non-empty -->
  <b:if cond='data:title != &quot;&quot;'>
    <h2 class='title'><data:title/></h2>
  </b:if>
  <div class='widget-content'>
    <data:content/>
  </div>

  <b:include name='quickedit'/>
</b:includable>
  </b:widget>
</b:section>
</div>

<div class='widgetwrap-3 widgetwrap'>
<b:section class='footersec' id='footersec3' showaddelement='yes'>
  <b:widget id='PageList1' locked='false' title='Pages' type='PageList'>
    <b:includable id='main'>
  <b:if cond='data:title'><h2><data:title/></h2></b:if>
  <div class='widget-content'>
    <b:if cond='data:mobile'>
      <select expr:id='data:widget.instanceId + &quot;_select&quot;'>
        <b:loop values='data:links' var='link'>
          <b:if cond='data:link.isCurrentPage'>
            <option expr:value='data:link.href' selected='selected'><data:link.title/></option>
          <b:else/>
            <option expr:value='data:link.href'><data:link.title/></option>
          </b:if>
        </b:loop>
      </select>
      <span class='pagelist-arrow'>&amp;#9660;</span>

    <b:else/>
      <ul>
        <b:loop values='data:links' var='link'>
          <b:if cond='data:link.isCurrentPage'>
            <li class='selected'><a expr:href='data:link.href'><data:link.title/></a></li>
          <b:else/>
            <li><a expr:href='data:link.href'><data:link.title/></a></li>
          </b:if>
        </b:loop>
      </ul>
    </b:if>
    <b:include name='quickedit'/>
  </div>
</b:includable>
  </b:widget>
</b:section>

<div class='widget'>
<h3 class='widget-title'>Search</h3>
<form action='/search' class='search-form' id='searchform' method='get'>
<div><input class='search-text' name='q' type='text' value=''/></div>
</form>
</div>

</div>	
		
</div>

<div id='footer'>
<!-- Please do not edit following code, it may cause your site to stop working! -->
<p>Copyright &#169; <script type='text/javascript'>var creditsyear = new Date();document.write(creditsyear.getFullYear());</script> <a expr:href='data:blog.homepageUrl'><data:blog.title/></a> | Powered by <a href='http://www.blogger.com/'>Blogger</a><br/>Design by <a href='http://www.simplewpthemes.com/' target='_blank'>SimpleWpThemes</a> | Blogger Theme by <a href='http://newbloggerthemes.com/' target='_blank' title='NewBloggerThemes.com'>NewBloggerThemes.com</a></p>
</div><!-- #footer -->
</div><!-- .wrap -->
</div><!-- #bottom-wrapper -->

</div><!-- #container -->

<script type='text/javascript'>
//<![CDATA[

/*
* Slides, A Slideshow Plugin for jQuery
* Intructions: http://slidesjs.com
* By: Nathan Searles, http://nathansearles.com
* Version: 1.2.0
* Updated: February 5th, 2013
*
* Licensed under the Apache License, Version 2.0 (the "License");
* you may not use this file except in compliance with the License.
* You may obtain a copy of the License at
*
* http://www.apache.org/licenses/LICENSE-2.0
*
* Unless required by applicable law or agreed to in writing, software
* distributed under the License is distributed on an "AS IS" BASIS,
* WITHOUT WARRANTIES OR CONDITIONS OF ANY KIND, either express or implied.
* See the License for the specific language governing permissions and
* limitations under the License.
*/
(function(a){a.fn.slides=function(b){return b=a.extend({},a.fn.slides.option,b),this.each(function(){function w(g,h,i){if(!p&&o){switch(p=!0,b.animationStart(n+1),g){case"next":l=n,k=n+1,k=e===k?0:k,r=2*f,g=2*-f,n=k;break;case"prev":l=n,k=n-1,k=-1===k?e-1:k,r=0,g=0,n=k;break;case"pagination":k=parseInt(i,10),l=a("."+b.paginationClass+" li."+b.currentClass+" a",c).attr("href").match("[^#/]+$"),k>l?(r=2*f,g=2*-f):(r=0,g=0),n=k}"fade"===h?b.crossfade?d.children(":eq("+k+")",c).css({zIndex:10}).fadeIn(b.fadeSpeed,b.fadeEasing,function(){b.autoHeight?d.animate({height:d.children(":eq("+k+")",c).outerHeight()},b.autoHeightSpeed,function(){d.children(":eq("+l+")",c).css({display:"none",zIndex:0}),d.children(":eq("+k+")",c).css({zIndex:0}),b.animationComplete(k+1),p=!1}):(d.children(":eq("+l+")",c).css({display:"none",zIndex:0}),d.children(":eq("+k+")",c).css({zIndex:0}),b.animationComplete(k+1),p=!1)}):d.children(":eq("+l+")",c).fadeOut(b.fadeSpeed,b.fadeEasing,function(){b.autoHeight?d.animate({height:d.children(":eq("+k+")",c).outerHeight()},b.autoHeightSpeed,function(){d.children(":eq("+k+")",c).fadeIn(b.fadeSpeed,b.fadeEasing)}):d.children(":eq("+k+")",c).fadeIn(b.fadeSpeed,b.fadeEasing,function(){}),b.animationComplete(k+1),p=!1}):(d.children(":eq("+k+")").css({left:r,display:"block"}),b.autoHeight?d.animate({left:g,height:d.children(":eq("+k+")").outerHeight()},b.slideSpeed,b.slideEasing,function(){d.css({left:-f}),d.children(":eq("+k+")").css({left:f,zIndex:5}),d.children(":eq("+l+")").css({left:f,display:"none",zIndex:0}),b.animationComplete(k+1),p=!1}):d.animate({left:g},b.slideSpeed,b.slideEasing,function(){d.css({left:-f}),d.children(":eq("+k+")").css({left:f,zIndex:5}),d.children(":eq("+l+")").css({left:f,display:"none",zIndex:0}),b.animationComplete(k+1),p=!1})),b.pagination&&(a("."+b.paginationClass+" li."+b.currentClass,c).removeClass(b.currentClass),a("."+b.paginationClass+" li:eq("+k+")",c).addClass(b.currentClass))}}function x(){clearInterval(c.data("interval"))}function y(){b.pause?(clearTimeout(c.data("pause")),clearInterval(c.data("interval")),u=setTimeout(function(){clearTimeout(c.data("pause")),v=setInterval(function(){w("next",i)},b.play),c.data("interval",v)},b.pause),c.data("pause",u)):x()}a("."+b.container,a(this)).children().wrapAll('<div class="slides_control"/>');var o,p,q,r,t,u,v,c=a(this),d=a(".slides_control",c),e=d.children().size(),f=d.children().outerWidth(),g=d.children().outerHeight(),h=b.start-1,i=0>b.effect.indexOf(",")?b.effect:b.effect.replace(" ","").split(",")[0],j=0>b.effect.indexOf(",")?i:b.effect.replace(" ","").split(",")[1],k=0,l=0,m=0,n=0;if(2>e)return a("."+b.container,a(this)).fadeIn(b.fadeSpeed,b.fadeEasing,function(){o=!0,b.slidesLoaded()}),a("."+b.next+", ."+b.prev).fadeOut(0),!1;if(!(2>e)){if(0>h&&(h=0),h>e&&(h=e-1),b.start&&(n=h),b.randomize&&d.randomize(),a("."+b.container,c).css({overflow:"hidden",position:"relative"}),d.children().css({position:"absolute",top:0,left:d.children().outerWidth(),zIndex:0,display:"none"}),d.css({position:"relative",width:3*f,height:g,left:-f}),a("."+b.container,c).css({display:"block"}),b.autoHeight&&(d.children().css({height:"auto"}),d.animate({height:d.children(":eq("+h+")").outerHeight()},b.autoHeightSpeed)),b.preload&&d.find("img:eq("+h+")").length){a("."+b.container,c).css({background:"url("+b.preloadImage+") no-repeat 50% 50%"});var z=d.find("img:eq("+h+")").attr("src")+"?"+(new Date).getTime();t="slides_control"!=a("img",c).parent().attr("class")?d.children(":eq(0)")[0].tagName.toLowerCase():d.find("img:eq("+h+")"),d.find("img:eq("+h+")").attr("src",z).load(function(){d.find(t+":eq("+h+")").fadeIn(b.fadeSpeed,b.fadeEasing,function(){a(this).css({zIndex:5}),a("."+b.container,c).css({background:""}),o=!0,b.slidesLoaded()})})}else d.children(":eq("+h+")").fadeIn(b.fadeSpeed,b.fadeEasing,function(){o=!0,b.slidesLoaded()});b.bigTarget&&(d.children().css({cursor:"pointer"}),d.children().on("click",function(){return w("next",i),!1})),b.hoverPause&&b.play&&(d.bind("mouseover",function(){x()}),d.bind("mouseleave",function(){y()})),b.generateNextPrev&&(a("."+b.container,c).after('<a href="#" class="'+b.prev+'">Prev</a>'),a("."+b.prev,c).after('<a href="#" class="'+b.next+'">Next</a>')),a("."+b.next,c).on("click",function(a){a.preventDefault(),b.play&&y(),w("next",i)}),a("."+b.prev,c).on("click",function(a){a.preventDefault(),b.play&&y(),w("prev",i)}),b.generatePagination?(b.prependPagination?c.prepend("<ul class="+b.paginationClass+"></ul>"):c.append("<ul class="+b.paginationClass+"></ul>"),d.children().each(function(){a("."+b.paginationClass,c).append('<li><a href="#'+m+'">'+(m+1)+"</a></li>"),m++})):a("."+b.paginationClass+" li a",c).each(function(){a(this).attr("href","#"+m),m++}),a("."+b.paginationClass+" li:eq("+h+")",c).addClass(b.currentClass),a("."+b.paginationClass+" li a",c).on("click",function(){return b.play&&y(),q=a(this).attr("href").match("[^#/]+$"),n!=q&&w("pagination",j,q),!1}),a("a.link",c).on("click",function(){return b.play&&y(),q=a(this).attr("href").match("[^#/]+$")-1,n!=q&&w("pagination",j,q),!1}),b.play&&(v=setInterval(function(){w("next",i)},b.play),c.data("interval",v))}})},a.fn.slides.option={preload:!1,preloadImage:"/img/loading.gif",container:"slides_container",generateNextPrev:!1,next:"next",prev:"prev",pagination:!0,generatePagination:!0,prependPagination:!1,paginationClass:"pagination",currentClass:"current",fadeSpeed:350,fadeEasing:"",slideSpeed:350,slideEasing:"",start:1,effect:"slide",crossfade:!1,randomize:!1,play:0,pause:0,hoverPause:!1,autoHeight:!1,autoHeightSpeed:350,bigTarget:!1,animationStart:function(){},animationComplete:function(){},slidesLoaded:function(){}},a.fn.randomize=function(b){function c(){return Math.round(Math.random())-.5}return a(this).each(function(){var d=a(this),e=d.children(),f=e.length;if(f>1){e.hide();var g=[];for(i=0;f>i;i++)g[g.length]=i;g=g.sort(c),a.each(g,function(a,c){var f=e.eq(c),g=f.clone(!0);g.show().appendTo(d),void 0!==b&&b(f,g),f.remove()})}})}})(jQuery);

//]]>
</script>

<script type='text/javascript'>
//<![CDATA[

jQuery(function(){
	jQuery('#slides').slides({
		//preload: true,
		//preloadImage: '',
		play: 5000,
		pause: 2500,
		hoverPause: true,
		generateNextPrev: true,
		generatePagination: false,
		animationStart: function(current){
			jQuery('.caption').animate({
				bottom:-35
			},100);
			if (window.console && console.log) {
				// example return of current slide number
				console.log('animationStart on slide: ', current);
			};
		},
		animationComplete: function(current){
			jQuery('.caption').animate({
				bottom:0
			},200);
			if (window.console && console.log) {
				// example return of current slide number
				console.log('animationComplete on slide: ', current);
			};
		},
		slidesLoaded: function() {
			jQuery('.caption').animate({
				bottom:0
			},200);
		}
	});
});

//]]>
</script>

<script type='text/javascript'>
//<![CDATA[

;(function($){$.fn.superfish=function(op){var sf=$.fn.superfish,c=sf.c,$arrow=$(['<span class="',c.arrowClass,'"> &#187;</span>'].join('')),over=function(){var $$=$(this),menu=getMenu($$);clearTimeout(menu.sfTimer);$$.showSuperfishUl().siblings().hideSuperfishUl()},out=function(){var $$=$(this),menu=getMenu($$),o=sf.op;clearTimeout(menu.sfTimer);menu.sfTimer=setTimeout(function(){o.retainPath=($.inArray($$[0],o.$path)>-1);$$.hideSuperfishUl();if(o.$path.length&&$$.parents(['li.',o.hoverClass].join('')).length<1){over.call(o.$path)}},o.delay)},getMenu=function($menu){var menu=$menu.parents(['ul.',c.menuClass,':first'].join(''))[0];sf.op=sf.o[menu.serial];return menu},addArrow=function($a){$a.addClass(c.anchorClass).append($arrow.clone())};return this.each(function(){var s=this.serial=sf.o.length;var o=$.extend({},sf.defaults,op);o.$path=$('li.'+o.pathClass,this).slice(0,o.pathLevels).each(function(){$(this).addClass([o.hoverClass,c.bcClass].join(' ')).filter('li:has(ul)').removeClass(o.pathClass)});sf.o[s]=sf.op=o;$('li:has(ul)',this)[($.fn.hoverIntent&&!o.disableHI)?'hoverIntent':'hover'](over,out).each(function(){if(o.autoArrows)addArrow($('>a:first-child',this))}).not('.'+c.bcClass).hideSuperfishUl();var $a=$('a',this);$a.each(function(i){var $li=$a.eq(i).parents('li');$a.eq(i).focus(function(){over.call($li)}).blur(function(){out.call($li)})});o.onInit.call(this)}).each(function(){var menuClasses=[c.menuClass];if(sf.op.dropShadows&&!($.browser.msie&&$.browser.version<7))menuClasses.push(c.shadowClass);$(this).addClass(menuClasses.join(' '))})};var sf=$.fn.superfish;sf.o=[];sf.op={};sf.IE7fix=function(){var o=sf.op;if($.browser.msie&&$.browser.version>6&&o.dropShadows&&o.animation.opacity!=undefined)this.toggleClass(sf.c.shadowClass+'-off')};sf.c={bcClass:'sf-breadcrumb',menuClass:'sf-js-enabled',anchorClass:'sf-with-ul',arrowClass:'sf-sub-indicator',shadowClass:'sf-shadow'};sf.defaults={hoverClass:'sfHover',pathClass:'overideThisToUse',pathLevels:1,delay:800,animation:{opacity:'show'},speed:'normal',autoArrows:true,dropShadows:true,disableHI:false,onInit:function(){},onBeforeShow:function(){},onShow:function(){},onHide:function(){}};$.fn.extend({hideSuperfishUl:function(){var o=sf.op,not=(o.retainPath===true)?o.$path:'';o.retainPath=false;var $ul=$(['li.',o.hoverClass].join(''),this).add(this).not(not).removeClass(o.hoverClass).find('>ul').hide().css('visibility','hidden');o.onHide.call($ul);return this},showSuperfishUl:function(){var o=sf.op,sh=sf.c.shadowClass+'-off',$ul=this.addClass(o.hoverClass).find('>ul:hidden').css('visibility','visible');sf.IE7fix.call($ul);o.onBeforeShow.call($ul);$ul.animate(o.animation,o.speed,function(){sf.IE7fix.call($ul);o.onShow.call($ul)});return this}})})(jQuery);(function($){$.fn.supersubs=function(options){var opts=$.extend({},$.fn.supersubs.defaults,options);return this.each(function(){var $$=$(this);var o=$.meta?$.extend({},opts,$$.data()):opts;var fontsize=$('<li id="menu-fontsize">&#8212;</li>').css({'padding':0,'position':'absolute','top':'-999em','width':'auto'}).appendTo($$).width();$('#menu-fontsize').remove();$ULs=$$.find('ul');$ULs.each(function(i){var $ul=$ULs.eq(i);var $LIs=$ul.children();var $As=$LIs.children('a');var liFloat=$LIs.css('white-space','nowrap').css('float');var emWidth=$ul.add($LIs).add($As).css({'float':'none','width':'auto'}).end().end()[0].clientWidth/fontsize;emWidth+=o.extraWidth;if(emWidth>o.maxWidth){emWidth=o.maxWidth}else if(emWidth<o.minWidth){emWidth=o.minWidth}emWidth+='em';$ul.css('width',emWidth);$LIs.css({'float':liFloat,'width':'100%','white-space':'normal'}).each(function(){var $childUl=$('>ul',this);var offsetDirection=$childUl.css('left')!==undefined?'left':'right';$childUl.css(offsetDirection,emWidth)})})})};$.fn.supersubs.defaults={minWidth:9,maxWidth:25,extraWidth:0}})(jQuery);$j=jQuery.noConflict();$j(document).ready(function(){$j('div.menu ul:first-child').supersubs({minWidth:12,maxWidth:27,extraWidth:1}).superfish({delay:100,animation:{opacity:'show',height:'show'},dropShadows:false});$j('nav.menu ul:first-child').supersubs({minWidth:12,maxWidth:27,extraWidth:1}).superfish({delay:100,animation:{opacity:'show',height:'show'},dropShadows:false})});

//]]>
</script>

<script type='text/javascript'>
//<![CDATA[

jQuery.noConflict();
jQuery(document).ready(function () {
    jQuery('#toggle-wrap').show();
    jQuery('#menu-primary').css('marginTop', '-40px');
    jQuery('#menu-primary li a').hide();

    jQuery('a#toggle').toggle(function () {
        jQuery('#menu-primary').animate({
            marginTop: "0px"
        }, 100);
        var paras = jQuery('#menu-primary li a'),
            i = 0;
        (function () {
            jQuery(paras[i++] || []).fadeIn(25, arguments.callee);
        })();

    }, function () {
        jQuery('#menu-primary').animate({
            marginTop: "-40px"
        }, 100);
    });

    return false;
});

//]]>
</script>

</body>
</html>