<?xml version="1.0" encoding="UTF-8" ?>
<!DOCTYPE html PUBLIC "-//W3C//DTD XHTML 1.0 Strict//EN" "http://www.w3.org/TR/xhtml1/DTD/xhtml1-strict.dtd">
<html expr:dir='data:blog.languageDirection' xmlns='http://www.w3.org/1999/xhtml' xmlns:b='http://www.google.com/2005/gml/b' xmlns:data='http://www.google.com/2005/gml/data' xmlns:expr='http://www.google.com/2005/gml/expr'>
  <head>
    <b:include data='blog' name='all-head-content'/>
    <title><data:blog.pageTitle/></title>
    <b:skin><![CDATA[/*
**************************************************

Template name: Exposure
Version:1.3

Designer: Biyan
url: http://www.dzignine.com

************************************************** */

/* Variable definitions
   ====================
   <Variable name="keycolor" description="Main Color" type="color" default="#1a222a" value="#efe0cb"/>
   <Variable name="body.background" description="Body Background" type="background"
	color="$(bgcolor)"
	default="#fff url() no-repeat scroll top center"
	 value="#fff url() no-repeat fixed top center "/>

   <Variable name="bgcolor" description="Page Background Color"
             type="color" default="#000" value="#000000">
   <Variable name="textcolor" description="Text Color"
             type="color" default="#666" value="#898989">
   <Variable name="linkcolor" description="Link Color"
             type="color" default="#ddd" value="#5378b3">
   <Variable name="link.hover.color" description="Link Hover Color"
             type="color" default="#75297b" value="#111111">
   <Variable name="header.title.color" description="Header Color"
             type="color" default="#f2f2f2" value="#ffffff">
   <Variable name="post.title.color" description="Post Title Color"
             type="color" default="#555" value="#818181">
   <Variable name="navigation.background" description="Navigation Background Color"
             type="color" default="#555" value="#980000">
   <Variable name="bordercolor" description="Border Color"
             type="color" default="#f2f2f2" value="#f2f2f2">

   <Variable name="bodyfont" description="Text Font"
             type="font" default="normal normal 12px Arial, Halvetica, Verdana, Sans-Serif" value="normal normal 12px Calibri">
   <Variable name="header.font" description="Header Title Font"
             type="font" default="normal normal 78% 'Trebuchet MS', Trebuchet, Arial,Verdana, Sans-serif" value="normal normal 30px Helvetica, Arial, Sans-serif">
   <Variable name="header.description.font" description="Header Description Font"
             type="font" default="normal normal 11px 'Trebuchet MS', Trebuchet, Arial,Verdana, Sans-serif" value="normal normal 8px Helvetica, Arial, Sans-serif">
   <Variable name="navigation.font" description="Navigation Font"
             type="font" default="normal normal 11px 'Trebuchet MS', Trebuchet, Arial,Verdana, Sans-serif" value="normal normal 20px Dancing Script">
   <Variable name="post.title.font" description="Post Title Font"
             type="font" default="normal normal 10px helvetica, arial, sans" value="normal normal 36px Dancing Script">
   <Variable name="widget.title.font" description="Widget Title Font"
             type="font" default="normal normal 10px helvetica, arial, sans" value="normal normal 16px Georgia, FreeSans, sans-serif">
   <Variable name="meta.font" description="Meta Data Font"
             type="font" default="normal normal 10px helvetica, arial, sans" value="normal normal 11px 'Times New Roman', Times, FreeSerif, serif">
   <Variable name="postfooterfont" description="Post Footer Font"
             type="font"
             default="normal normal 78% 'Trebuchet MS', Trebuchet, Arial, Verdana, Sans-serif" value="normal normal 78% 'Trebuchet MS', Trebuchet, Arial, Verdana, Sans-serif">

   <Variable name="startSide" description="Side where text starts in blog language"
             type="automatic" default="left" value="left">
   <Variable name="endSide" description="Side where text ends in blog language"
             type="automatic" default="right" value="right">
*/

/* GENERAL
******************** */
body {
	background:$(body.background);
	margin:0;
	padding:0;
	color:$textcolor;
	}

#outer-wrapper {
	margin:0 auto;
	width: 800px;
	text-align:left;
	font: $bodyfont;
	background:#fff;
	line-height:1.6em;
	}

a:link {
 color:$linkcolor;
 text-decoration:none;
 }
a:visited {
 color:$linkcolor;
 text-decoration:none;
 }
a:hover {
 color:$(link.hover.color);
 text-decoration:underline;
 }
a img {border-width:0;}
#navbar-iframe, .feed-links, .jump-link, .status-msg-wrap {display:none}
h1 {font-size:24px;}
h2 {font-size:14px;}
h3 {font-size:18px;}
h4 {font-size:12px;}
h5 {font-size:10px;}
h6 {font-size:8px;}
hr {background-color:$bordercolor;border:0;height:1px;margin-bottom:2px;clear:both;}


/*HEADER
*********************** */
#header-wrapper {
	background:#222;
	width:740px;
	height: 47px;
	margin:0 30px 20px 30px;
	overflow:hidden;
	}

#header {
	float:left;
	width:auto;
	height: 47px;
	overflow:hidden;
	padding:6px 20px;
	text-align: left;
	border-right:1px solid #fff;
	}

#header h1 {
 margin:0 auto;
 padding:0;
 text-decoration:none;
 font: $(header.font);
 color:$(header.title.color);
 letter-spacing:-1px;
 line-height:1em;
 text-transform:lowercase
 }
#header a {
 color:$(header.title.color);
 text-decoration:none;
 }
#header a:hover {
 color:$(header.title.color);
 }
#header .description {
 margin:0;
 padding:0;
 text-decoration:none;
 font: $(header.description.font);
 color:$(header.title.color);
 text-transform:uppercase;
 display:none
 }
#header img {
 margin: 0;
 }



/* Navigation 
************************************************** */
#navi {
	width:auto;
	float:right;
	font:$bodyfont;
	margin:0;
	padding:0;
	}

#navi h2 {
	display:none
	}

#navi ul {
	list-style:none;
	margin:0;
	padding:0;
	float:right;
	}

#navi ul li {
	float:left;
	padding:16px; // change it value to make it fit navigation height
	}

#navi ul li a, #navi ul li a:visited {
	color:#f2f2f2
	}

.selected {
	background:#777;
	}

.selected a {
	color:#fff;
	}



/* PRIMARY CONTENT
********************************** */
#main-wrapper {
	width:800px;
	margin:0;
	float:right;
	text-align: left;
	clear:both;
	}

#main {
	padding:30px;
	}



/** Posts **/
.crop {
  width:162px;
  height:120px;
  overflow:hidden;
  float:left;
  margin:0;
  .margin:-20px 0 0 0;
  }
.rmlink {
  font-size:11px;
  font-weight:bold;
  margin-top:17px;
  }
.rmlink a {color:#2dcf12;}
.main .Blog {border-bottom-width: 0;}

.post {
 margin:0;
 }

.post_title h3,
.post h3 {
	margin:0 15px
	}

.post_title h3 a,
.post_title h3 a:visited,
.post h3 a,
.post h3 a:visited,
.post h3 strong {
	width:100%;
	font:$(post.title.font);
	float:left;
	text-decoration:none;
	color:$(post.title.color);
	text-align:center;
	background:url(http://2.bp.blogspot.com/-zWg5HqkjybA/TozlhEYr4MI/AAAAAAAABc0/i0OVZfWiIzc/s000/hdr.gif) no-repeat center bottom;
	margin-bottom:10px;
	padding-bottom:20px;
	}

.entry-date {
	margin-right:10px
	}

/* Meta Data */
.post-header-line-1, .post-header-line-2 {margin-bottom:40px}
.post-header-line-1 {
	clear:both;
	text-transform:uppercase;
	text-align:center;
	line-height:1.6em;
	font:$(meta.font)
	}
.hentry-top {
	text-transform:uppercase;
	margin-bottom:10px;
 	text-align:center;
	font:$(meta.font)
	}
.fl {
	font-style:italic;
 	text-transform:lowercase;
	font:$(meta.font)
	}
.post-header-line-2 {
	clear:both;
	text-transform:uppercase;
	text-align:center;
	line-height:1.6em;
	font:$(meta.font)
	}
.single-post-date {
	text-transform:uppercase;
	margin-bottom:10px;
 	text-align:center;
	font:$(meta.font)
	}
.read_more {
	text-align:center;
	margin:0 15px 15px 15px;
	padding-bottom:10px;
	border-bottom:1px solid $bordercolor;
	font:$(meta.font)
	}

.post h3 a, .post h3 a:visited, .post h3 strong {
 display:block;
 text-decoration:none;
 color:$(post.title.color);
 }

.post h3 strong, .post h3 a:hover, .post_title h3 a:hover {
 color:$(link.hover.color);
 }
.post-body {
 margin:0 0 .75em;
 line-height:2em;
 }
.post-body blockquote {
 line-height:2em;
 background:url(http://1.bp.blogspot.com/-76VPdyV-DbA/TrCqrdNZiXI/AAAAAAAACbg/NzPUbng9spY/s1600/quote.png) no-repeat left 10px;
 padding:0 20px;
 font-style:italic
 }
.post blockquote {
 margin:1em 20px;
 }
.post blockquote p {
 margin:.75em 0;
 }
.post-footer-line-1, .post-footer-line-3 {
 margin: 10px 0 0;
 padding:15px 0 0;
 color:$textcolor;
 text-transform:uppercase;
 letter-spacing:.1em;
 font: $postfooterfont;
 line-height: 1.4em;
 }
.comment-link {margin-$startSide:.6em;}
.post img, table.tr-caption-container {
 max-width:740px;
 height:auto;
 overflow:hidden;
 }
.tr-caption-container img {
 border: none;
 padding: 0;
 }



/** Comments Content **/
#comments h4 {
 font:$(post.title.font);
 font-size:16px !important;
 color:$(post.title.color);
 clear:both;
 width:740px;
 text-align:center;
 }

.author-name {
 font-size:14px;
 }

#comments-block {
 line-height:1.6em;
 margin:1em 0 1.5em;
 }
#comments-block .comment-author {
 font-size:11px;
 margin-right:20px;
 padding:5px 5px 5px 65px;
 }
#comments-block .avatar-image-container {
 background:url(http://4.bp.blogspot.com/-INGDbRnd154/TrC_dW2g4qI/AAAAAAAACbo/QO1y-q-jvbo/s1600/gravatar.png) no-repeat center center;
 height:45px;
 position:absolute;
 left:0;
 width:45px;
 }
#comments-block .comment-body {
 margin-bottom:20px;
 margin-left:0;
 margin-right:20px;
 padding:10px 7px 7px 65px;
 }
#comments-block .comment-footer {
 background:none repeat scroll 0 0 transparent;
 border:medium none;
 float:right;
 font-size:11px;
 line-height:1.4em;
 margin:-27px 25px 2em 0;
 padding:5px;
 text-transform:none;
 }
#comments-block .comment-body p {
 margin:0 0 0.75em;
 }
#comments-block .avatar-image-container img {
 float:right;
 height:45px;
 width:45px;
 }
#comments-block.avatar-comment-indent  {
 position:relative;
 margin:0 auto;
 }
#comments-block .avatar-image-container img {
 border:medium none;
 float:right;
 height:45px;
 width:45px;
 }



/* PAGE NAVIGATION
*********************************** */
#blog-pager {
	text-align:center;
	padding:1px;
	clear:both
	}

#blog-pager-newer-link, #blog-pager-newer-link a {
	background:url(http://4.bp.blogspot.com/-QjHberd1Lbk/TsuzrfLRsTI/AAAAAAAACe8/oiYDwdUqZD0/s1600/post-nav.png) no-repeat right top;
	float: right;
	text-indent:-8000px;
	width:26px;
	height:26px
	}

#blog-pager-newer-link a:hover {
	background:url(http://4.bp.blogspot.com/-QjHberd1Lbk/TsuzrfLRsTI/AAAAAAAACe8/oiYDwdUqZD0/s1600/post-nav.png) no-repeat right bottom
	}

#blog-pager-older-link, #blog-pager-older-link a {
	background:url(http://4.bp.blogspot.com/-QjHberd1Lbk/TsuzrfLRsTI/AAAAAAAACe8/oiYDwdUqZD0/s1600/post-nav.png) no-repeat left top;
	float: left;
	text-indent:-8000px;
	width:26px;
	height:26px
	}

#blog-pager-older-link a:hover {
	background:url(http://4.bp.blogspot.com/-QjHberd1Lbk/TsuzrfLRsTI/AAAAAAAACe8/oiYDwdUqZD0/s1600/post-nav.png) no-repeat left bottom
	}



/** Admin Profile **/
.profile-img { 
 float: $startSide;
 margin-top: 0;
 margin-$endSide: 5px;
 margin-bottom: 5px;
 margin-$startSide: 0;
 padding: 4px;
 border: 1px solid $bordercolor;
 }
.profile-data {
 margin:0;
 text-transform:uppercase;
 letter-spacing:.1em;
 font: $postfooterfont;
 color: $textcolor;
 font-weight: bold;
 line-height: 1.6em;
 }
.profile-datablock { 
 margin:.5em 0 .5em;
 }
.profile-textblock { 
 margin: 0.5em 0;
 line-height: 1.6em;
 }
.profile-link { 
 font: $postfooterfont;
 text-transform: uppercase;
 letter-spacing: .1em;
 }


/* Bottom Widget
******************************** */
.item-title {
	font-size:14px;
	font-family:Georgia, 'Times new Roman', Serif;
	}

#bottom {
	width:740px;
	margin:20px auto -17px auto;
	font-size:12px;
	line-height:1.6em;
	overflow:auto;
	color:#999;
	clear:both;
	background:#222
	}

#b-content {
	padding:10px 20px;
	overflow:hidden;
	display:none;
	}

#bottom a, #bottom a:visited {
	color:#fff;
	}

#bottom a:hover {
	color:#fff;
	text-decoration:underline;
	}

#bottom h2 {
	font: $(widget.title.font);
	margin: 0 0 15px 0;
	padding: 4px 0;
	color: #ccc;
	}

#bottom ul {
	list-style:none;
	margin:0;
	padding:0;
	}

#bottom li {
	margin:0;
	line-height:2em;
	border-bottom:1px solid #333;
	}

#left-bottom {
	width:230px;
	float:left;
	}

#center-bottom {
	width:245px;
	float:left;
	}

#right-bottom {
	width:223px;
	float:right;
	}

#right-bottom .widget {
	padding:10px 0 10px 20px;
	margin-bottom:10px;
	}

#center-bottom .widget {
	padding:10px;
	}

#left-bottom .widget {
	padding:10px 20px 10px 0;
	}


/* FOOTER
******************************** */
#footer-wrapper {
	width:700;
	clear:both;
	margin: 0 auto;
	padding:0 20px;
	overflow:auto;
	color:#777;
	font:$bodyfont;
	line-height:2em;
	border-top:1px solid #333
	}

#footer-wrapper, #footer-wrapper a:visited{
	text-decoration: none;
	}

#footer-wrapper a, #footer-wrapper a:visited {
	color:#999;
	}

#footer-wrapper a:hover {
	color:#fff;
	text-decoration:underline;
	}

.footer-left, .footer-right {
	padding:15px 0;
	}

.footer-left {
	width:50%;
	float:left;
	text-align:left;
	}

.footer-right {
	width:50%;
	float:right;
	text-align:right;
	}


/* Sliding Panel */
a:focus {
	outline: none;
	}
.slide {
	margin: 0;
	padding: 0;
	background:#fff;
	margin:0 auto;
	overflow:auto;
	}
.button-slide {
	background: url(http://4.bp.blogspot.com/-jhmy37LlZIU/Ts4gGInT9NI/AAAAAAAACf8/ZWmt8KBhnIY/s1600/slide-button.png) no-repeat left center;
	overflow:hidden;
	width:30px;
	height:30px;
	padding:0;
	float:right;
	display: block;
	text-indent:-9000px;
	}
.active {
	background-position: right center;
	}


]]></b:skin>


<script src='http://ajax.googleapis.com/ajax/libs/jquery/1.2.3/jquery.min.js' type='text/javascript'/>

<script type='text/javascript'>
$(document).ready(function(){

	$(&quot;.button-slide&quot;).click(function(){
		$(&quot;#b-content&quot;).slideToggle(&quot;slow&quot;);
		$(this).toggleClass(&quot;active&quot;); return false;
	});
	
	 
});
</script>

<!-- Auto Read More :
	- This template use auto read more to generate thumbnail automatically ;
	- The thumbnail dimention control by "Crop" elements ;
	- I'm not recomendded you to change the thumbnail width ;
	- However, you can change the "crop" heigh.
++++++++++++++++++++++++++++++++++++++++++++++++++++++++ -->
<script type='text/javascript'>
var thumbnail_mode = &quot;float&quot; ;
summary_noimg = 400;
summary_img = 430;
img_thumb_height = 150;
img_thumb_width = 150;
</script>

<script type='text/javascript'>
//<![CDATA[
function removeHtmlTag(strx,chop){
if(strx.indexOf("<")!=-1)
{
var s = strx.split("<");
for(var i=0;i<s.length;i++){
if(s[i].indexOf(">")!=-1){
s[i] = s[i].substring(s[i].indexOf(">")+1,s[i].length);
}
}
strx = s.join("");
}
chop = (chop < strx.length-1) ? chop : strx.length-2;
while(strx.charAt(chop-1)!=' ' && strx.indexOf(' ',chop)!=-1) chop++;
strx = strx.substring(0,chop-1);
return strx+'...';
}

function createSummaryAndThumb(pID){
var div = document.getElementById(pID);
var imgtag = "";
var img = div.getElementsByTagName("img");
var summ = summary_noimg;
if(img.length>=1) {
imgtag = '<div class="crop"><img src="'+img[0].src+'" width=170px;" /></div>';
summ = summary_img;
}

var summary = imgtag + '<div>' + removeHtmlTag(div.innerHTML,summ) + '</div>';
div.innerHTML = summary;
}
//]]>
</script>
<!-- End of auto read more -->


<!-- Start Conditional Tag
	- The following CSS control Home Page & Non_Post layout
++++++++++++++++++++++++++++++++++++++++++++++++++++++++ -->
<b:if cond='data:blog.pageType != &quot;item&quot;'>
<style type='text/css'>

/* Special CSS for featured post */
.box-entry {
	margin:15px;
	}
.box-entry .crop {
	width:740px;
	height:auto;
	padding-bottom:10px;
	}
.box-entry .crop img {
	width:740px;
	height:auto;
	}


#main {
	padding:15px;
	}
.post {
	width:162px;
	height:120px;
	float:left;
	margin:15px;
	overflow:hidden;
	}
.post-body {
	height:120px;
	overflow:hidden;
	}
#blog-pager {
	margin:0 15px;
	}
.post-title-2,
.post-header-line-1,
.hentry-top,
.entry-date,
.post-footer {
	display:none
	}

.post-entry-title {
	border-bottom:none;
	position:absolute;
	z-index:1000;
	width:150px;
	height:130px;
	display:none;
	background:url(http://1.bp.blogspot.com/-zA_hWmvkxPY/Tr3an0im5uI/AAAAAAAACeA/hLpeRXI-FIA/s1600/in.png);
	}

a.post-entry-title {
	width:150px;
	height:130px;
	text-indent:-9000px;
	}

a:hover.post-entry-title {
	width:150px;
	height:130px;
	background:url(http://1.bp.blogspot.com/-zA_hWmvkxPY/Tr3an0im5uI/AAAAAAAACeA/hLpeRXI-FIA/s1600/in.png);
	}

.post-body:hover .post-entry-title {
	display:block
	}

.post-body:hover {
	opacity:0.9;
	}

</style>
</b:if>


<!-- Start Conditional Tag
	- The following CSS control Static/Pages layout.
++++++++++++++++++++++++++++++++++++++++++++++++++++++++ -->
<b:if cond='data:blog.pageType == &quot;static_page&quot;'>
<style type='text/css'>


.post-body,
.post-title-2 {
	display:block
	}

.post-footer,
.post-header-line-1,
.rmlink,
.box-entry,
.read_more {
	display:none;
	}

.post,
.post-body {
	padding:0;
	width:740px;
	height:auto;
	background:none;
	opacity:1
	}

.post-entry-title, .post-header {
	display:none
	}

.post-body:hover .post-entry-title {
	display:none
	}


</style>
</b:if>


  </head>

  <body>

  <div id='outer-wrapper'><div id='wrap2'>

	<div id='header-wrapper'>
      <b:section class='header' id='header' maxwidgets='1' showaddelement='no'>
<b:widget id='Header1' locked='true' title='Exposure (Header)' type='Header'>
<b:includable id='title'>
  <b:if cond='data:blog.url == data:blog.homepageUrl'>
    <data:title/>
  <b:else/>
    <a expr:href='data:blog.homepageUrl'><data:title/></a>
  </b:if>
</b:includable>
<b:includable id='description'>
  <div class='descriptionwrapper'>
    <p class='description'><span><data:description/></span></p>
  </div>
</b:includable>
<b:includable id='main'>

  <b:if cond='data:useImage'>
    <b:if cond='data:imagePlacement == &quot;BEHIND&quot;'>
      <!--
      Show image as background to text. You can't really calculate the width
      reliably in JS because margins are not taken into account by any of
      clientWidth, offsetWidth or scrollWidth, so we don't force a minimum
      width if the user is using shrink to fit.
      This results in a margin-width's worth of pixels being cropped. If the
      user is not using shrink to fit then we expand the header.
      -->
      <b:if cond='data:mobile'>
          <div id='header-inner'>
            <div class='titlewrapper' style='background: transparent'>
              <h1 class='title' style='background: transparent; border-width: 0px'>
                <b:include name='title'/>
              </h1>
            </div>
            <b:include name='description'/>
          </div>
        <b:else/>
          <div expr:style='&quot;background-image: url(\&quot;&quot; + data:sourceUrl + &quot;\&quot;); &quot;                        + &quot;background-position: &quot;                        + data:backgroundPositionStyleStr + &quot;; &quot;                        + data:widthStyleStr                        + &quot;min-height: &quot; + data:height                        + &quot;_height: &quot; + data:height                        + &quot;background-repeat: no-repeat; &quot;' id='header-inner'>
            <div class='titlewrapper' style='background: transparent'>
              <h1 class='title' style='background: transparent; border-width: 0px'>
                <b:include name='title'/>
              </h1>
            </div>
            <b:include name='description'/>
          </div>
        </b:if>
    <b:else/>
      <!--Show the image only-->
      <div id='header-inner'>
        <a expr:href='data:blog.homepageUrl' style='display: block'>
          <img expr:alt='data:title' expr:height='data:height' expr:id='data:widget.instanceId + &quot;_headerimg&quot;' expr:src='data:sourceUrl' expr:width='data:width' style='display: block'/>
        </a>
        <!--Show the description-->
        <b:if cond='data:imagePlacement == &quot;BEFORE_DESCRIPTION&quot;'>
          <b:include name='description'/>
        </b:if>
      </div>
    </b:if>
  <b:else/>
    <!--No header image -->
    <div id='header-inner'>
      <div class='titlewrapper'>
        <h1 class='title'>
          <b:include name='title'/>
        </h1>
      </div>
      <b:include name='description'/>
    </div>
  </b:if>
</b:includable>
</b:widget>
</b:section>

	<b:section class='navi' id='navi' maxwidgets='1'>
<b:widget id='PageList1' locked='false' title='Pages' type='PageList'>
<b:includable id='main'>
  <b:if cond='data:title'><h2><data:title/></h2></b:if>
  <div class='widget-content'>
    <b:if cond='data:mobile'>
      <select expr:id='data:widget.instanceId + &quot;_select&quot;'>
        <b:loop values='data:links' var='link'>
          <b:if cond='data:link.isCurrentPage'>
            <option expr:value='data:link.href' selected='selected'><data:link.title/></option>
          <b:else/>
            <option expr:value='data:link.href'><data:link.title/></option>
          </b:if>
        </b:loop>
      </select>
      <span class='pagelist-arrow'>&amp;#9660;</span>

    <b:else/>
      <ul>
        <b:loop values='data:links' var='link'>
          <b:if cond='data:link.isCurrentPage'>
            <li class='selected'><a expr:href='data:link.href'><data:link.title/></a></li>
          <b:else/>
            <li><a expr:href='data:link.href'><data:link.title/></a></li>
          </b:if>
        </b:loop>
      </ul>
    </b:if>
    <b:include name='quickedit'/>
  </div>
</b:includable>
</b:widget>
</b:section>
	</div>

    <!-- skip links for text browsers -->
    <span id='skiplinks' style='display:none;'>
      <a href='#main'>skip to main </a> /
      <a href='#bottom'>skip to footer</a>
    </span>

    <div id='content-wrapper'>

      <div id='main-wrapper'>
        <b:section class='main' id='main' showaddelement='no'>
<b:widget id='Blog1' locked='true' title='Blog Posts' type='Blog'>
<b:includable id='nextprev'>
  <div class='blog-pager' id='blog-pager'>
    <b:if cond='data:newerPageUrl'>
      <span id='blog-pager-newer-link'>
      <a class='blog-pager-newer-link' expr:href='data:newerPageUrl' expr:id='data:widget.instanceId + &quot;_blog-pager-newer-link&quot;' expr:title='data:newerPageTitle'>| Next \\</a>
      </span>
    </b:if>

    <b:if cond='data:olderPageUrl'>
      <span id='blog-pager-older-link'>
      <a class='blog-pager-older-link' expr:href='data:olderPageUrl' expr:id='data:widget.instanceId + &quot;_blog-pager-older-link&quot;' expr:title='data:olderPageTitle'>// Prev |</a>
      </span>
    </b:if>

  </div>
  <div class='clear'/>
</b:includable>
<b:includable id='shareButtons' var='post'>
  <b:if cond='data:top.showEmailButton'><a class='goog-inline-block share-button sb-email' expr:href='data:post.sharePostUrl + &quot;&amp;target=email&quot;' expr:title='data:top.emailThisMsg' target='_blank'>
      <span class='share-button-link-text'><data:top.emailThisMsg/></span>
  </a></b:if><b:if cond='data:top.showBlogThisButton'><a class='goog-inline-block share-button sb-blog' expr:href='data:post.sharePostUrl + &quot;&amp;target=blog&quot;' expr:onclick='&quot;window.open(this.href, \&quot;_blank\&quot;, \&quot;height=270,width=475\&quot;); return false;&quot;' expr:title='data:top.blogThisMsg' target='_blank'>
      <span class='share-button-link-text'><data:top.blogThisMsg/></span>
  </a></b:if><b:if cond='data:top.showTwitterButton'><a class='goog-inline-block share-button sb-twitter' expr:href='data:post.sharePostUrl + &quot;&amp;target=twitter&quot;' expr:title='data:top.shareToTwitterMsg' target='_blank'>
      <span class='share-button-link-text'><data:top.shareToTwitterMsg/></span>
  </a></b:if><b:if cond='data:top.showFacebookButton'><a class='goog-inline-block share-button sb-facebook' expr:href='data:post.sharePostUrl + &quot;&amp;target=facebook&quot;' expr:onclick='&quot;window.open(this.href, \&quot;_blank\&quot;, \&quot;height=430,width=640\&quot;); return false;&quot;' expr:title='data:top.shareToFacebookMsg' target='_blank'>
      <span class='share-button-link-text'><data:top.shareToFacebookMsg/></span>
  </a></b:if><b:if cond='data:top.showOrkutButton'><a class='goog-inline-block share-button sb-orkut' expr:href='data:post.sharePostUrl + &quot;&amp;target=orkut&quot;' expr:title='data:top.shareToOrkutMsg' target='_blank'>
      <span class='share-button-link-text'><data:top.shareToOrkutMsg/></span>
  </a></b:if><b:if cond='data:top.showBuzzButton'><a class='goog-inline-block share-button sb-buzz' expr:href='data:post.sharePostUrl + &quot;&amp;target=buzz&quot;' expr:onclick='&quot;window.open(this.href, \&quot;_blank\&quot;, \&quot;height=415,width=690\&quot;); return false;&quot;' expr:title='data:top.shareToBuzzMsg' target='_blank'>
      <span class='share-button-link-text'><data:top.shareToBuzzMsg/></span>
  </a></b:if>
  <b:if cond='data:top.showDummy'>
    <span class='gplus' style='margin-left:5px'><g:plusone annotation='none' size='medium'/></span>
  </b:if>
</b:includable>
<b:includable id='backlinks' var='post'>
  <a name='links'/><h4><data:post.backlinksLabel/></h4>
  <b:if cond='data:post.numBacklinks != 0'>
    <dl class='comments-block' id='comments-block'>
      <b:loop values='data:post.backlinks' var='backlink'>
        <div class='collapsed-backlink backlink-control'>
          <dt class='comment-title'>
            <span class='backlink-toggle-zippy'>&#160;</span>
            <a expr:href='data:backlink.url' rel='nofollow'><data:backlink.title/></a>
            <b:include data='backlink' name='backlinkDeleteIcon'/>
          </dt>
          <dd class='comment-body collapseable'>
            <data:backlink.snippet/>
          </dd>
          <dd class='comment-footer collapseable'>
            <span class='comment-author'><data:post.authorLabel/> <data:backlink.author/></span>
            <span class='comment-timestamp'><data:post.timestampLabel/> <data:backlink.timestamp/></span>
          </dd>
        </div>
      </b:loop>
    </dl>
  </b:if>
  <p class='comment-footer'>
    <a class='comment-link' expr:href='data:post.createLinkUrl' expr:id='data:widget.instanceId + &quot;_backlinks-create-link&quot;' target='_blank'><data:post.createLinkLabel/></a>
  </p>
</b:includable>
<b:includable id='mobile-main' var='top'>
    <!-- posts -->
    <div class='blog-posts hfeed'>

      <b:include data='top' name='status-message'/>

      <b:if cond='data:blog.pageType == &quot;index&quot;'>
        <b:loop values='data:posts' var='post'>
          <b:include data='post' name='mobile-index-post'/>
        </b:loop>
      <b:else/>
        <b:loop values='data:posts' var='post'>
          <b:include data='post' name='mobile-post'/>
        </b:loop>
      </b:if>
    </div>

   <b:include name='mobile-nextprev'/>
</b:includable>
<b:includable id='post' var='post'>
  <div class='post hentry'>
  <div class='hentry-top'>
    <span><data:post.dateHeader/></span>
  </div>
    <a expr:name='data:post.id'/>
    <b:if cond='data:post.title'>
      <h3 class='post-title-2'>
     <b:if cond='data:post.link'>
       <a expr:href='data:post.link'><data:post.title/></a>
     <b:else/>
        <b:if cond='data:post.url'>
          <a expr:href='data:post.url'><data:post.title/></a>
        <b:else/>
          <data:post.title/>
        </b:if>
     </b:if>
      </h3>
    </b:if>

    <div class='post-header'>
    <div class='post-header-line-1'>
    <span class='post-author vcard'>
        <b:if cond='data:top.showAuthor'>
          <span class='fl'>by</span>
          <span class='fn'><data:post.author/></span>
        </b:if>
    </span><br/>
    <span class='post-labels'>
        <b:if cond='data:post.labels'>
          <span class='fl'>Posted in</span>
          <b:loop values='data:post.labels' var='label'>
            <a expr:href='data:label.url' rel='tag'><data:label.name/></a><b:if cond='data:label.isLast != &quot;true&quot;'>,</b:if>
          </b:loop>
        </b:if>
    </span>
      </div>
    </div>


    <div class='post-body entry-content'>
<b:if cond='data:blog.pageType == &quot;static_page&quot;'>
<div expr:id='&quot;summary&quot; + data:post.id' style='display:none;'><p><data:post.body/></p></div>
<script type='text/javascript'>createSummaryAndThumb(&quot;summary<data:post.id/>&quot;);</script>
<span class='rmlink' style='float:left;'><a expr:href='data:post.url'><data:post.jumpText/></a></span>
</b:if>
<b:if cond='data:blog.pageType != &quot;item&quot;'>
      <a class='post-entry-title' expr:href='data:post.url'><data:post.title/></a>
<div expr:id='&quot;summary&quot; + data:post.id'><p><data:post.body/></p></div>
<script type='text/javascript'>createSummaryAndThumb(&quot;summary<data:post.id/>&quot;);</script>
</b:if>
<b:if cond='data:blog.pageType == &quot;item&quot;'>
<p><data:post.body/></p>
</b:if>

      <div style='clear: both;'/> <!-- clear for photos floats -->
    </div>

    <b:if cond='data:post.hasJumpLink'>
      <div class='jump-link'>
        <a expr:href='data:post.url + &quot;#more&quot;' expr:title='data:post.title'><data:post.jumpText/></a>
      </div>
    </b:if>

    <div class='post-footer'>
    <div class='post-footer-line-1'>
    <b:if cond='data:post.sharePostUrl'>
	<div class='post-share-buttons' style='float:left'>
	<b:include data='post' name='shareButtons'/>
	</div>
    </b:if>
<span class='post-icons'>
        <!-- email post links -->
        <b:if cond='data:post.emailPostUrl'>
          <span class='item-action'>
          <a expr:href='data:post.emailPostUrl' expr:title='data:top.emailPostMsg'>
              <img alt='' class='icon-action' height='13' src='http://img1.blogblog.com/img/icon18_email.gif' width='18'/>
          </a>
          </span>
        </b:if>

        <!-- quickedit pencil -->
        <b:include data='post' name='postQuickEdit'/>
      </span></div>

      <div class='post-footer-line-2'>
      </div>

      <div class='post-footer-line-3'><span class='post-location'>
        <b:if cond='data:top.showLocation'>
          <b:if cond='data:post.location'>
            <data:postLocationLabel/>
            <a expr:href='data:post.location.mapsUrl' target='_blank'><data:post.location.name/></a>
          </b:if>
        </b:if>
      </span> </div>
    </div>
  </div>
</b:includable>
<b:includable id='status-message'>
  <b:if cond='data:navMessage'>
  <div class='status-msg-wrap'>
    <div class='status-msg-body'>
      <data:navMessage/>
    </div>
    <div class='status-msg-border'>
      <div class='status-msg-bg'>
        <div class='status-msg-hidden'><data:navMessage/></div>
      </div>
    </div>
  </div>
  <div style='clear: both;'/>
  </b:if>
</b:includable>
<b:includable id='comment-form' var='post'>
  <div class='comment-form'>
    <a name='comment-form'/>
    <b:if cond='data:mobile'>
      <h4 id='comment-post-message'>
        <a expr:id='data:widget.instanceId + &quot;_comment-editor-toggle-link&quot;' href='javascript:void(0)'><data:postCommentMsg/></a></h4>
      <p><data:blogCommentMessage/></p>
      <data:blogTeamBlogMessage/>
      <a expr:href='data:post.commentFormIframeSrc' id='comment-editor-src'/>
      <iframe allowtransparency='true' class='blogger-iframe-colorize blogger-comment-from-post' frameborder='0' height='410' id='comment-editor' name='comment-editor' src='' style='display: none' width='100%'/>
    <b:else/>
      <h4 id='comment-post-message'>~ <data:postCommentMsg/> ~</h4>
      <p><data:blogCommentMessage/></p>
      <data:blogTeamBlogMessage/>
      <a expr:href='data:post.commentFormIframeSrc' id='comment-editor-src'/>
      <iframe allowtransparency='true' class='blogger-iframe-colorize blogger-comment-from-post' frameborder='0' height='700' id='comment-editor' name='comment-editor' src='' width='690'/>
    </b:if>
    <data:post.friendConnectJs/>
    <data:post.cmtfpIframe/>
    <b:if cond='data:showCmtPopup'>
      <div id='comment-popup' style='width:100px;height:20px;'>
        <iframe allowtransparency='true' frameborder='0' id='comment-actions' name='comment-actions' scrolling='no'>
        </iframe>
      </div>
    </b:if>
    <script type='text/javascript'>
      BLOG_CMT_createIframe(&#39;<data:post.appRpcRelayPath/>&#39;, &#39;<data:post.communityId/>&#39;);
    </script>
  </div>
</b:includable>
<b:includable id='backlinkDeleteIcon' var='backlink'>
  <span expr:class='&quot;item-control &quot; + data:backlink.adminClass'>
    <a expr:href='data:backlink.deleteUrl' expr:title='data:top.deleteBacklinkMsg'>
      <img src='//www.blogger.com/img/icon_delete13.gif'/>
    </a>
  </span>
</b:includable>
<b:includable id='mobile-nextprev'>
  <div class='blog-pager' id='blog-pager'>
    <b:if cond='data:newerPageUrl'>
      <div class='mobile-link-button' id='blog-pager-newer-link'>
      <a class='blog-pager-newer-link' expr:href='data:newerPageUrl' expr:id='data:widget.instanceId + &quot;_blog-pager-newer-link&quot;' expr:title='data:newerPageTitle'><data:newerPageTitle/></a>
      </div>
    </b:if>

    <b:if cond='data:olderPageUrl'>
      <div class='mobile-link-button' id='blog-pager-older-link'>
      <a class='blog-pager-older-link' expr:href='data:olderPageUrl' expr:id='data:widget.instanceId + &quot;_blog-pager-older-link&quot;' expr:title='data:olderPageTitle'><data:olderPageTitle/></a>
      </div>
    </b:if>

    <div class='mobile-link-button' id='blog-pager-home-link'>
    <a class='home-link' expr:href='data:blog.homepageUrl'><data:homeMsg/></a>
    </div>

    <div class='mobile-desktop-link'>
      <a class='home-link' expr:href='data:desktopLinkUrl'><data:desktopLinkMsg/></a>
    </div>

  </div>
  <div class='clear'/>
</b:includable>
<b:includable id='mobile-post' var='post'>
  <div class='date-outer'>
    <b:if cond='data:post.dateHeader'>
      <h2 class='date-header'><span><data:post.dateHeader/></span></h2>
    </b:if>
    <div class='date-posts'>
      <div class='post-outer'>

        <div class='post hentry uncustomized-post-template'>
          <a expr:name='data:post.id'/>
          <b:if cond='data:post.title'>
            <h3 class='post-title entry-title'>
              <b:if cond='data:post.link'>
                <a expr:href='data:post.link'><data:post.title/></a>
              <b:else/>
                <b:if cond='data:post.url'>
                  <b:if cond='data:blog.url != data:post.url'>
                    <a expr:href='data:post.url'><data:post.title/></a>
                  <b:else/>
                    <data:post.title/>
                  </b:if>
                <b:else/>
                  <data:post.title/>
                </b:if>
              </b:if>
            </h3>
          </b:if>

          <div class='post-header'>
            <div class='post-header-line-1'/>
          </div>

          <div class='post-body entry-content' expr:id='&quot;post-body-&quot; + data:post.id'>
            <p><data:post.body/></p>
            <div style='clear: both;'/> <!-- clear for photos floats -->
          </div>

          <div class='post-footer'>
            <div class='post-footer-line post-footer-line-1'>
              <span class='post-author vcard'>
                <b:if cond='data:top.showAuthor'>
                  <data:top.authorLabel/>
                  <span class='fn'><data:post.author/></span>
                </b:if>
              </span>

              <span class='post-timestamp'>
                <b:if cond='data:top.showTimestamp'>
                  <data:top.timestampLabel/>
                  <b:if cond='data:post.url'>
                    <a class='timestamp-link' expr:href='data:post.url' rel='bookmark' title='permanent link'><abbr class='published' expr:title='data:post.timestampISO8601'><data:post.timestamp/></abbr></a>
                  </b:if>
                </b:if>
              </span>

              <span class='post-comment-link'>
                <b:if cond='data:blog.pageType != &quot;item&quot;'>
                  <b:if cond='data:blog.pageType != &quot;static_page&quot;'>
                    <b:if cond='data:post.allowComments'>
                      <a class='comment-link' expr:href='data:post.addCommentUrl' expr:onclick='data:post.addCommentOnclick'><b:if cond='data:post.numComments == 1'>1 <data:top.commentLabel/><b:else/><data:post.numComments/> <data:top.commentLabelPlural/></b:if></a>
                    </b:if>
                  </b:if>
                </b:if>
              </span>
            </div>

            <div class='post-footer-line post-footer-line-2'>
              <b:if cond='data:top.showMobileShare'>
                <div class='mobile-link-button goog-inline-block' id='mobile-share-button'>
                  <a href='javascript:void(0);'><data:shareMsg/></a>
                </div>
              </b:if>
              <b:if cond='data:top.showDummy'>
                <div class='goog-inline-block dummy-container'><data:post.dummyTag/></div>
              </b:if>
            </div>

          </div>
        </div>

        <b:if cond='data:blog.pageType == &quot;static_page&quot;'>
          <b:include data='post' name='comments'/>
        </b:if>
        <b:if cond='data:blog.pageType == &quot;item&quot;'>
          <b:include data='post' name='comments'/>
        </b:if>
      </div>
    </div>
  </div>
</b:includable>
<b:includable id='postQuickEdit' var='post'>
  <b:if cond='data:post.editUrl'>
    <span expr:class='&quot;item-control &quot; + data:post.adminClass'>
      <a expr:href='data:post.editUrl' expr:title='data:top.editPostMsg'>
        <img alt='' class='icon-action' height='18' src='http://img2.blogblog.com/img/icon18_edit_allbkg.gif' width='18'/>
      </a>
    </span>
  </b:if>
</b:includable>
<b:includable id='main' var='top'>


<!-- Start Featured Post Function
* Edited by Biyan A. Pasau
* Site: http://dzignine.com
* Know your self, never sell your self short
-->

<!-- posts -->
<div class='blog-posts hfeed'>

<b:include data='top' name='status-message'/>

<data:defaultAdStart/>

<b:loop values='data:posts' var='post'>


<!-- Memulai deklarasi featured post
****************************************** -->
	<b:if cond='data:post.isFirstPost'>
	<b:if cond='data:blog.pageType != &quot;item&quot;'>

<div class='top-post' id='post'>

<!-- Meta data featured post
* Post date
-->
  <div class='single-post-date'>
    <span><data:post.dateHeader/></span>
  </div>
<div class='post_title'>
<h3><b:if cond='data:post.link'>
<a expr:href='data:post.link'><data:post.title/></a>
<b:else/>
<b:if cond='data:post.url'>
<a expr:href='data:post.url'><data:post.title/></a>
<b:else/>
<data:post.title/>
</b:if>
</b:if>
</h3>

<!-- Meta data featured post
* Post author
* Post Label
-->
	<div class='post-header-line-2'>
    <span class='post-author vcard'>
        <b:if cond='data:top.showAuthor'>
          <span class='fl'>by</span>
          <span class='fn'><data:post.author/></span>
        </b:if>
    </span><br/>
    <span class='post-labels'>
        <b:if cond='data:post.labels'>
          <span class='fl'>Posted in</span>
          <b:loop values='data:post.labels' var='label'>
            <a expr:href='data:label.url' rel='tag'><data:label.name/></a><b:if cond='data:label.isLast != &quot;true&quot;'>,</b:if>
          </b:loop>
        </b:if>
    </span>
	</div>

<div class='clear'/>
</div>
<div class='box-entry'>
<p>
<div expr:id='&quot;summary&quot; + data:post.id'><data:post.body/></div>
<script type='text/javascript'>createSummaryAndThumb(&quot;summary<data:post.id/>&quot;);
</script> 
</p> 
<div class='clear'/>
</div>
<div class='read_more'><a expr:href='data:post.url'><data:post.jumpText/></a></div>
</div> 
<b:else/>


<b:include data='post' name='post'/>
</b:if>
<b:else/>
<b:include data='post' name='post'/>
</b:if>


<b:if cond='data:blog.pageType == &quot;static_page&quot;'>
<div class='post'><div class='post-body'><data:post.body/></div></div>
<b:include data='post' name='comments'/>
</b:if>  
<b:if cond='data:blog.pageType == &quot;item&quot;'>
<b:include data='post' name='comments'/>
</b:if>    
<b:if cond='data:post.includeAd'>
<b:if cond='data:post.isFirstPost'>
<data:defaultAdEnd/>
<b:else/>
<data:adEnd/>
</b:if>        
<div class='inline-ad'>
<data:adCode/>
</div>
<data:adStart/>
</b:if>   
<b:if cond='data:post.trackLatency'>
<data:post.latencyJs/>
</b:if>
</b:loop>
<data:adEnd/>
</div>

<!-- End Featured Post and limited thumbnail
* Thank you
-->


  <!-- navigation -->
  <b:include name='nextprev'/>

  <!-- feed links -->
  <b:include name='feedLinks'/>

  <b:if cond='data:top.showStars'>
    <script src='//www.google.com/jsapi' type='text/javascript'/>
    <script type='text/javascript'>
      google.load(&quot;annotations&quot;, &quot;1&quot;, {&quot;locale&quot;: &quot;<data:top.languageCode/>&quot;});
      function initialize() {
        google.annotations.setApplicationId(<data:top.blogspotReviews/>);
        google.annotations.createAll();
        google.annotations.fetch();
      }
      google.setOnLoadCallback(initialize);
    </script>
  </b:if>
</b:includable>
<b:includable id='commentDeleteIcon' var='comment'>
  <span expr:class='&quot;item-control &quot; + data:comment.adminClass'>
    <a class='comment-delete' expr:href='data:comment.deleteUrl' expr:title='data:top.deleteCommentMsg'>
      <img src='//www.blogger.com/img/icon_delete13.gif'/>
    </a>
  </span>
</b:includable>
<b:includable id='feedLinks'>
  <b:if cond='data:blog.pageType != &quot;item&quot;'> <!-- Blog feed links -->
    <b:if cond='data:feedLinks'>
      <div class='blog-feeds'>
        <b:include data='feedLinks' name='feedLinksBody'/>
      </div>
    </b:if>

    <b:else/> <!--Post feed links -->
    <div class='post-feeds'>
      <b:loop values='data:posts' var='post'>
        <b:if cond='data:post.allowComments'>
          <b:if cond='data:post.feedLinks'>
            <b:include data='post.feedLinks' name='feedLinksBody'/>
          </b:if>
        </b:if>
      </b:loop>
    </div>
  </b:if>
</b:includable>
<b:includable id='mobile-index-post' var='post'>
  <b:if cond='data:post.dateHeader'>
    <div class='mobile-index-date'>
      <div class='date-header'>
        <span><data:post.dateHeader/></span>
      </div>
    </div>
  </b:if>

  <div class='mobile-post-outer'>
    <div class='mobile-index-title-outer'>
      <h3 class='mobile-index-title entry-title'>
        <a href='javascript:void(0)'><data:post.title/></a>
      </h3>
    </div>

    <div>
      <div class='mobile-index-arrow'>
        <a href='javascript:void(0)'>&amp;rsaquo;</a>
      </div>

      <div class='mobile-post-contents'>
        <b:if cond='data:post.thumbnailUrl'>
          <div class='mobile-index-thumbnail'>
            <div class='Image'>
              <img expr:src='data:post.thumbnailUrl'/>
            </div>
          </div>
        </b:if>

        <div class='post-body'>
          <b:if cond='data:post.snippet'><data:post.snippet/></b:if>
        </div>
      </div>
      <div style='clear: both;'/>
    </div>

    <div class='mobile-index-comment'>
      <b:if cond='data:blog.pageType != &quot;item&quot;'>
        <b:if cond='data:blog.pageType != &quot;static_page&quot;'>
          <b:if cond='data:post.allowComments'>
            <b:if cond='data:post.numComments != 0'>
              <a class='comment-link' expr:href='data:post.addCommentUrl' expr:onclick='data:post.addCommentOnclick'><b:if cond='data:post.numComments == 1'>1 <data:top.commentLabel/><b:else/><data:post.numComments/> <data:top.commentLabelPlural/></b:if></a>
            </b:if>
          </b:if>
        </b:if>
      </b:if>
    </div>
  </div>
</b:includable>
<b:includable id='feedLinksBody' var='links'>
  <div class='feed-links'>
  <b:loop values='data:links' var='f'>
     <a class='feed-link' expr:href='data:f.url' expr:type='data:f.mimeType' target='_blank'>Rss: <img height='10px' src='http://3.bp.blogspot.com/__8dGbSSNY7k/TIA-ywBR6iI/AAAAAAAAAOc/sNb6V7CMC1M/s1600/mini-rss.gif'/></a>
  </b:loop>
<span style='float:right'><img src='http://4.bp.blogspot.com/__8dGbSSNY7k/TIA-ypJTD1I/AAAAAAAAAOU/UjdgNWSRZxo/s1600/mini-blogroll.gif'/> <a href='#' onclick='MGJS.goTop();return false;'>Top</a></span>
  </div>
</b:includable>
<b:includable id='comments' var='post'>
  <div class='comments' id='comments'>
    <a name='comments'/>
    <b:if cond='data:post.allowComments'>
      <h4>~
        <b:if cond='data:post.numComments == 1'>
          1 <data:commentLabel/>:
        <b:else/>
          <data:post.numComments/> <data:commentLabelPlural/>:
        </b:if> ~
      </h4>

      <b:if cond='data:post.commentPagingRequired'>
        <span class='paging-control-container'>
          <a expr:class='data:post.oldLinkClass' expr:href='data:post.oldestLinkUrl'><data:post.oldestLinkText/></a>
          &#160;
          <a expr:class='data:post.oldLinkClass' expr:href='data:post.olderLinkUrl'><data:post.olderLinkText/></a>
          &#160;
          <data:post.commentRangeText/>
          &#160;
          <a expr:class='data:post.newLinkClass' expr:href='data:post.newerLinkUrl'><data:post.newerLinkText/></a>
          &#160;
          <a expr:class='data:post.newLinkClass' expr:href='data:post.newestLinkUrl'><data:post.newestLinkText/></a>
        </span>
      </b:if>

      <div expr:class='data:post.postAuthorClass' expr:id='data:widget.instanceId + &quot;_comments-block-wrapper&quot;'>
      <dl expr:class='data:post.avatarIndentClass' id='comments-block'>
        <b:loop values='data:post.comments' var='comment'>
          <dt expr:class='&quot;comment-author &quot; + data:comment.authorClass' expr:id='data:comment.anchorName'>
            <b:if cond='data:comment.favicon'>
              <img expr:src='data:comment.favicon' height='16px' style='margin-bottom:-2px;' width='16px'/>
            </b:if>
            <a expr:name='data:comment.anchorName'/>
            <b:if cond='data:blog.enabledCommentProfileImages'>
              <data:comment.authorAvatarImage/>
            </b:if>
            <b:if cond='data:comment.authorUrl'>
             <a class='author-name' expr:href='data:comment.authorUrl' rel='nofollow'><data:comment.author/></a> says:
            <b:else/>
              <data:comment.author/>
            </b:if> <br/>at: 
            <span class='comment-timestamp'>
              <a expr:href='data:comment.url' title='comment permalink'>
                <data:comment.timestamp/>
              </a>
<data:commentPostedByMsg/>
              <b:include data='comment' name='commentDeleteIcon'/>
            </span>
          </dt>
          <dd class='comment-body'>
            <b:if cond='data:comment.isDeleted'>
              <span class='deleted-comment'><data:comment.body/></span>
            <b:else/>
              <p><data:comment.body/></p>
            </b:if>
          </dd>
          <dd class='comment-footer'>
          </dd>
        </b:loop>
      </dl>
      </div>

      <b:if cond='data:post.commentPagingRequired'>
        <span class='paging-control-container'>
          <a expr:class='data:post.oldLinkClass' expr:href='data:post.oldestLinkUrl'>
            <data:post.oldestLinkText/>
          </a>
          <a expr:class='data:post.oldLinkClass' expr:href='data:post.olderLinkUrl'>
            <data:post.olderLinkText/>
          </a>
          &#160;
          <data:post.commentRangeText/>
          &#160;
          <a expr:class='data:post.newLinkClass' expr:href='data:post.newerLinkUrl'>
            <data:post.newerLinkText/>
          </a>
          <a expr:class='data:post.newLinkClass' expr:href='data:post.newestLinkUrl'>
            <data:post.newestLinkText/>
          </a>
        </span>
      </b:if>

      <p class='comment-footer'>
        <b:if cond='data:post.embedCommentForm'>
          <b:if cond='data:post.allowNewComments'>
            <b:include data='post' name='comment-form'/>
          <b:else/>
            <data:post.noNewCommentsText/>
          </b:if>
        <b:else/>
          <b:if cond='data:post.allowComments'>
            <a expr:href='data:post.addCommentUrl' expr:onclick='data:post.addCommentOnclick'><data:postCommentMsg/></a>
          </b:if>
        </b:if>

      </p>
    </b:if>

    <div id='backlinks-container'>
    <div expr:id='data:widget.instanceId + &quot;_backlinks-container&quot;'>
       <b:if cond='data:post.showBacklinks'>
         <b:include data='post' name='backlinks'/>
       </b:if>
    </div>
    </div>
  </div>
</b:includable>
</b:widget>
</b:section>
      </div>

<div id='bottom'>

<p class='slide'><a class='button-slide' href='#'>+</a></p>

<div id='b-content'>

<b:section class='bottom' id='left-bottom' preferred='yes'>
<b:widget id='HTML2' locked='false' title='Contact' type='HTML'>
<b:includable id='main'>
  <!-- only display title if it's non-empty -->
  <b:if cond='data:title != &quot;&quot;'>
    <h2 class='title'><data:title/></h2>
  </b:if>
  <div class='widget-content'>
    <data:content/>
  </div>

  <b:include name='quickedit'/>
</b:includable>
</b:widget>
</b:section>
<b:section class='bottom' id='center-bottom' preferred='yes'>
</b:section>
<b:section class='bottom' id='right-bottom' preferred='yes'>
<b:widget id='HTML1' locked='false' title='About the Template' type='HTML'>
<b:includable id='main'>
  <!-- only display title if it's non-empty -->
  <b:if cond='data:title != &quot;&quot;'>
    <h2 class='title'><data:title/></h2>
  </b:if>
  <div class='widget-content'>
    <data:content/>
  </div>

  <b:include name='quickedit'/>
</b:includable>
</b:widget>
</b:section>
</div>

    <div id='footer-wrapper'>
<div class='footer-left'>
Copyright &#169; 2011 <a expr:href='data:blog.homepageUrl'><data:blog.title/></a>, All rights reserved<br/>

<a expr:href='data:blog.homepageUrl'>Home</a> / <a expr:href='data:blog.homepageUrl + &quot;feeds/posts/default&quot;'>Posts</a> / <a expr:href='data:blog.homepageUrl + &quot;feeds/comments/default&quot;'>Comments RSS</a> / <a href='#'>Top</a>
</div>

<div class='footer-right'>
Design and developed by:<br/>

<a href='http://www.dzignine.com'>DZIGNINE</a> .com and <a href='http://1000wordsinside.com'>1000 Words Inside</a>
</div>
    </div>

</div> <!-- end bottom -->

      <!-- spacer for skins that want sidebar and main to be the same height-->
      <div class='clear'>&#160;</div>

    </div> <!-- end content-wrapper -->
  </div></div> <!-- end outer-wrapper -->
<script src='https://apis.google.com/js/plusone.js' type='text/javascript'/>
</body>
</html>