<?xml version="1.0" encoding="UTF-8" ?>
<!DOCTYPE html>
<html b:version='2' class='v2' expr:dir='data:blog.languageDirection' xmlns='http://www.w3.org/1999/xhtml' xmlns:b='http://www.google.com/2005/gml/b' xmlns:data='http://www.google.com/2005/gml/data' xmlns:expr='http://www.google.com/2005/gml/expr'> 
  <head>
    <link href='http://fonts.googleapis.com/css?family=Exo:300' rel='stylesheet' type='text/css'/>

    <meta content='IE=EmulateIE7' http-equiv='X-UA-Compatible'/> 
    <b:if cond='data:blog.isMobile'> 
      <meta content='width=device-width,initial-scale=1.0,minimum-scale=1.0,maximum-scale=1.0' name='viewport'/> 
    <b:else/> 
      <meta content='width=1100' name='viewport'/> 
    </b:if> 
    <b:include data='blog' name='all-head-content'/> 
    <title><data:blog.pageTitle/></title>
   <b:skin><![CDATA[/* 
-----------------------------------------------



----------------------------------------------- */
* {
font-family: 'Exo', sans-serif;
}
#cd * {
color:white !important;
}
#stage_jbeeb_3 {
margin: 0 auto !important;
}
#message {
text-align: center;
padding: 1em;
font-size: 45px;
color:white;
text-shadow:0 0 15px black;
}
#message span {
color:#e3d4a6;
text-shadow:0 0 15px black;
}
#container {
position: absolute;
left: 50%;
margin-left: -349.5px;
top: 50%;
margin-top: -199px;
z-index: 99999999999999999999;
}
#form {
margin-top: 2em;
text-align: center;
}
#form #email {
width: 74%;
padding-left: 25px;
font-size: 16px;
padding-top: 10px;
padding-bottom: 10px;
border-radius: 7px;
border: 0;
outline: 0;
box-shadow: 0 0 10px white;
background: rgba(0, 0, 0, 0.33);
color: white;
}
body {
background:url('http://www.avathemes.com/HTML5/CityLife/slideshow/images/backgrounds/1.jpg');
}
#form #sub {
font-size: 16px;
padding-top: 7px;
padding-bottom: 7px;
padding-left: 20px;
padding-right: 20px;
outline: 0;
border: 0;
background: rgb(162, 45, 45);
color: white;
box-shadow: 0 0 10px rgb(2, 2, 2);
border-radius: 5px;
}
#form #sub:active {
background:rgb(119, 17, 17);
}
#social {
margin-top: 2em;
display: inline-block;
left: 50%;
margin-left: -234px;
position: absolute;
width: 468px;
}



#footer {
position: absolute;
z-index: 999999999999999999999999999999999999999999999999999999999999999999;
width: 100%;
height: 2em;
bottom: 0;
background:rgba(255,255,255,0.8);
padding-top: 11px;
}
#footer a {
color: black;
text-align: center;
left: 50%;
position: absolute;
z-index: 9999999999999;
margin-left: -87px;
text-decoration:none;
font-weight:bold;
}
]]></b:skin>
<script src='//ajax.googleapis.com/ajax/libs/jquery/2.0.3/jquery.js'/>

<script src='//sora.mypremiumtricks.com/theme1/countdown/countdown.js'/>
<link href='//sora.mypremiumtricks.com/theme1/vegas/jquery.vegas.css' rel='stylesheet'/>





<script>
$( function() {
			$.vegas(&quot;slideshow&quot;, {
				backgrounds:[
					{ src:&quot;http://sora.mypremiumtricks.com/theme1/images/1.jpg&quot;, fade:1500 },
					{ src:&quot;http://sora.mypremiumtricks.com/theme1/images/2.jpg&quot;, fade:1500 },
					{ src:&quot;http://sora.mypremiumtricks.com/theme1/images/3.jpg&quot;, fade:1500 }
				],
				loading:false
			})(&quot;overlay&quot;, {
              src:&quot;http://sora.mypremiumtricks.com/theme1/vegas/overlays/01.png&quot;,
				opacity:&quot;0.8&quot;
			});
			});

    </script>


  </head>
  <body>
    <div id='p'/>


    <div id='overlay'/>


    <div id='overlay2'/>
	<div style='display:none;visibility:hidden;position:absolute;top:0;left:0;height:0;width:0;'>
  <b:section id='main' class="main" maxwidgets='' showaddelements='yes'>
    <b:widget id='Blog1' locked='false' title='Blog Posts' type='Blog'/>
  </b:section>
</div>

<div id='container'>

  <h1 id='message'>Wait For The Awesomeness!<br/><span>We&#39;ll Be Live In:</span></h1>

<div id='cd'>

<script>

    var myCountdown1 = new Countdown({style: &quot;flip&quot;,rangeHi  : &quot;month&quot;, year: 2014, month: 0,day: 0,hour: 0,ampm: &quot;am&quot;,minute: 0,second	: 0,width: 600,height: 100});
 
</script>
  </div>

<div id='form'>
  <form action='/' method='post'>
    <input autocomplete='off' id='email' placeholder='Your Email Address Here...' type='email'/>
    <input id='sub' type='submit' value='Subscribe'/>
  </form>

  </div>
<div id='social'>
<!-- AddThis Follow BEGIN -->
<div class='addthis_toolbox addthis_32x32_style addthis_default_style'>
<a addthis:userid='dummy' class='addthis_button_facebook_follow' title='Facebook'/>
<a addthis:userid='dummy' class='addthis_button_twitter_follow' title='Twitter'/>
<a addthis:userid='dummy' class='addthis_button_linkedin_follow' title='Linkdin'/>
<a addthis:userid='dummy' class='addthis_button_google_follow' title='Google+'/>
<a addthis:userid='dummy' class='addthis_button_youtube_follow' title='YouTube'/>
<a addthis:userid='dummy' class='addthis_button_flickr_follow' title='Flickr'/>
<a addthis:userid='dummy' class='addthis_button_vimeo_follow' title='Vimeo'/>
<a addthis:userid='dummy' class='addthis_button_pinterest_follow' title='Pinterest'/>
<a addthis:userid='dummy' class='addthis_button_instagram_follow' title='Instagram'/>
<a addthis:userid='dummy' class='addthis_button_tumblr_follow' title='Tumblr'/>
<a addthis:userid='dummy/' class='addthis_button_rss_follow' title='RSS'/>
</div>

<!-- AddThis Follow END -->

  </div>
    </div>

<!-- ============= DO NOT TOUCH OTHERWISE TEMPLATE MAY CRASH =============== -->
    <div id='footer'><a href='http://soratemplates.com' id='credits' title='Simply Awesome Templates!'>Made By SoraTemplates</a></div>
<!-- ============= DO NOT TOUCH OTHERWISE TEMPLATE MAY CRASH =============== -->

<script src='//s7.addthis.com/js/300/addthis_widget.js#pubid=xa-52a313171388802a' type='text/javascript'/>
<script src='//sora.mypremiumtricks.com/theme1/vegas/jquery.vegas.js'/>
  </body> 
</html>