<?xml version="1.0" encoding="UTF-8" ?>
<!DOCTYPE html>
<html b:version='2' class='v2' expr:dir='data:blog.languageDirection' xmlns='http://www.w3.org/1999/xhtml' xmlns:b='http://www.google.com/2005/gml/b' xmlns:data='http://www.google.com/2005/gml/data' xmlns:expr='http://www.google.com/2005/gml/expr'>
  <head>
    <meta content='IE=EmulateIE7' http-equiv='X-UA-Compatible'/>
    <b:if cond='data:blog.isMobile'>
      <meta content='width=device-width,initial-scale=1.0,minimum-scale=1.0,maximum-scale=1.0' name='viewport'/>
    <b:else/>
      <meta content='width=1100' name='viewport'/>
    </b:if>
    <b:include data='blog' name='all-head-content'/>
    <title><data:blog.pageTitle/></title>
    <b:if cond='data:blog.metaDescription != &quot;&quot;'>
      <meta expr:content='data:blog.metaDescription' name='description'/>
    </b:if>

    <b:skin><![CDATA[/*
Theme Name: Vostok Theme - White
Theme URI: http://www.vostoktheme.com/
Description: A clean and elegant theme for Wordpress
Version: 1.1
Author: Javier CaÃ±ada, RubÃ©n Lozano, Mark MacKay
Template: vostok
Author URI: http://www.vostoktheme.com/
*/

.navbar {
visibility: hidden;
display: none;
}
.section, .widget {
margin: 0;
padding: 0;
}

/*  reset.css

        Purpose: undo some of the default styling of common (X)HTML browsers
        More info: http://tantek.com/log/2004/09.html#d06t2354
*/
body{font-size:62.5%}
a:link,a:visited{text-decoration:none;}
ul,ol{list-style:none;}
h1,h2,h3,h4,h5,h6,pre,code{font-size:1em;}
ul,ol,li,h1,h2,h3,h4,h5,h6,pre,form,body,html,p,blockquote,fieldset,input{margin:0;padding:0;}
a img,:link img,:visited img{border:none;}
address{font-style:normal;}

/* layout.css */

#wrapper {
        margin: 0 auto;
        max-width: 46.15em;
        min-width: 700px;
}

#header {
        margin: 0 0 -1em 0;
        padding: 5em 0 0 0;
        position: relative;
}

#header .description {
        margin: .5em 0 0 0;
}

.string {
        margin: 4.6em 0 0 0;
}

.error {
        margin: 2.6em 0;
        line-height: 1.2em;
}

.post {
        margin: 4.6em 0;
        padding: 2.7em;
        position: relative;
}

.post img,
.post object,
.post embed {
        display: block;
        margin: 2em auto;
}

.post .vvqbox {
        margin: 2em auto;
}

.post .date {
        position: absolute;
        right: 1em;
        top: 1em;
}

.post h2 {
        margin: 0 0 1em 0;
}

.post h3,
.post h4,
.post h5 {
        margin: 2em 0 1em 0;
}

.post .number-of-comments {
        bottom: 1em;
        position: absolute;
        right: 1em;
}

.post blockquote {
        margin: 2em;
        padding: .1em 1.5em;
        position: relative;
}

.post blockquote cite {
        display: block;
        text-align: right;
}


.entry ul {
        list-style: none inside;
        padding: 0 1em;
}

.entry ol {
        list-style: decimal outside;
        padding: 0 2.5em;
}

.entry ul li {
        background: url(http://4.bp.blogspot.com/-gE2MoTwXSII/T3UpQeav3vI/AAAAAAAACI0/Twk8_foDRxc/s1600/bullet.gif) 0 7px no-repeat;
        margin: 1em 0;
        padding: 0 0 0 15px;
}

.entry ol li {
        margin: 1em 0;
}

#comments ol li {
        padding: 1.8em 1.6em 0 1.6em;
        position: relative;
        overflow: hidden;
        margin-bottom: 0;
}

#comments ol li:nth-child(2n+1) {
        padding: 1.8em 1.6em 0 1.6em;
        position: relative;
        overflow: hidden;
}

.datetime {
        bottom: 1em;
        position: absolute;
        right: 1em;
}

#commentform {
        margin: 2.3em 0 4.6em 0;
        padding: 2.7em;
}

.pagination {
        margin: -2.6em 0 4.6em 0;
}

.pagination div {
        float: left;
        margin: 0 2em 0 0;
}

#sidebar {
        padding: 0 0 7em 0;
}

#sidebar .widget {
        margin: 10px 0 0 0;
}

#sb-1,
#sb-2 {
        float: left;
        width: 50%;
}

#sidebar .email {
        background: url(http://2.bp.blogspot.com/-cd5kSE4K2EM/T3UpadNxkvI/AAAAAAAACJA/8wmwLYzpt2g/s1600/ico-mail.gif) 0 4px no-repeat;
        padding: 0 0 0 1.8em;
}

#sidebar #rss li {
        background: url(http://1.bp.blogspot.com/-XjmnHCx7Fjs/T3Upih6HEiI/AAAAAAAACJM/lTLgXv9rTHY/s1600/ico-rss.jpg) left center no-repeat;
        padding: 0 0 0 1.8em;
        margin: .5em 0;
}

#sidebar ul {
        margin: 0;
        padding: 0;
}

#footer {
        padding: 1em 0;
}

/* type.css */

#wrapper {
        font-family: "Lucida Grande", Helvetica, Arial, sans-serif;
        font-size: 15px;
        line-height: 145%;
}

p {
        margin: 1em 0;
}

h1 {
        font-size: 25px;
        font-weight: normal;
        margin: 0;
        padding: 0;
}

#header .description {
        font-size: 13px;
        margin: 0;
        padding: 0;
}

#header a {
        text-decoration: none;
}

a.back {
        text-decoration: underline;
}

#search h2,
.post h2,
#comments h3,
#commentform h3,
.emptysearch,
.error {
        font-family: Helvetica, Arial, sans-serif;
        font-size: 18px;
        font-weight: normal;
}

.post h2 a {
        text-decoration: none;
}

.post h2 {
  font-size: 22px;
        line-height: 18px;
}

.post h3 {
        font-family: Helvetica, Arial, sans-serif;
        font-size: 18px;
        font-weight: normal;
        line-height: 120%;
}

.post h4 {
        font-family: Helvetica, Arial, sans-serif;
        font-size: 13px;
        font-weight: normal;
        line-height: 120%;
}

.post h5 {
        font-family: Helvetica, Arial, sans-serif;
        font-size: 13px;
        font-weight: normal;
        line-height: 120%;
}

.post blockquote cite {
        font-style: normal;
}

.date {
        font-size: 13px;
}

.post .number-of-comments a {
        text-decoration: underline;
        font-size: 13px;
}

#comments {
  font-size: 13px;
}

.date {
  font-size: 12px;
}

#comments h3 {
        margin: 0 0 2em 0;
        font-size: 18px;
}

#commentform h3 {
        margin: 0 0 1.5em 0;
}

#commentform p {
  font-size: 13px;
}

.comment cite {
        font-style: normal;
}

.comment cite a {
        text-decoration: underline;
}

.pagination a {
        text-decoration: underline;
}

#sidebar {
  font-size: 13px;
}

#sidebar a {
        text-decoration: none;
}

#footer {
  font-size: 13px;
}

#footer a {
        text-decoration: underline;
}

#footer p {
        margin: 0;
}

/* colors.css

 Greys
 --------------------------
 Very Dark          #2F2F2F
 Dark               #3C3C3C
 Regular            #828282
 Light              #999
 Very light         #CCC

 Others
 --------------------------
 blue               #09C
 yellow             #F90
 white              #FFF

*/

html, body {
        background: #2F2F2F; }

strong {
        color: #CCC;
}

#wrapper {
        background: #2F2F2F;
        color: #999;
}

#header a:link,
#header a:visited {
        color: #09C;
}

#header a:hover,
#header a:active,
#header a:focus {
        color: #FFF;
}

.back:link,
.back:visited {
        color: #F90;
}

.back:hover,
.back:active,
.back:focus {
        color: #FFF;
}

.post {
        background: #3C3C3C;
}

.post h2,
.post h3,
.post h4,
.post h5,
#search h2,
.emptysearch,
.error {
        color: #CCC;
}

.post h2 a:link,
.post h2 a:visited {
        color: #CCC;
}

.post h2 a:hover,
.post h2 a:active,
.post h2 a:focus {
        color: #F90;
}

.post blockquote {
        background: #2F2F2F;
}

.date {
        color: #828282;
}

.entry a:link,
.comment a:link {
        color: #F90;
}

.entry a:visited,
.comment a:visited {
        color: #F90;
}

.entry a:hover,
.entry a:active,
.entry a:focus,
.comment a:hover,
.comment a:active,
.comment a:focus {
        color: #FFF;
}

.post img {
        border: 5px solid #FFF;
}

.post .number-of-comments a:link,
.post .number-of-comments a:visited {
        color: #CCC;
}

.post .number-of-comments a:hover,
.post .number-of-comments a:active,
.post .number-of-comments a:focus {
        color: #F90;
}

#comments h3,
#commentform h3 {
        color: #CCC;
}

.comment {
        border-top: 1px solid #3C3C3C;
}

.highlighted {
        background: #3C3C3C;
        border-top: 1px solid #2F2F2F;
}

.highlighted a:link,
.highlighted a:visited {
        color: #09C;
}

.comment cite {
        color: #CCC;
}

.comment .moderation {
        color: #FFF;
}

#commentform {
        background: #3C3C3C;
}

#commentform a:link,
#commentform a:visited {
        color: #09C;
}

#commentform a:hover,
#commentform a:active,
#commentform a:focus {
        color: #CCC;
}

.pagination {
        color: #F90;
}
.pagination a:link,
.pagination a:visited {
        color: #F90;
}

.pagination a:hover,
.pagination a:active,
.pagination a:focus {
        color: #FFF;
}

#sidebar {
        color: #828282;
}

#sidebar a:link,
#sidebar a:visited {
        color: #C4C4C4;
}

#sidebar a:hover,
#sidebar a:active,
#sidebar a:focus {
        color: #F90;
}

#sidebar #sb-2 a:link,
#sidebar #sb-2 a:visited {
        color: #C4C4C4;
}

#sidebar #sb-2 a:hover,
#sidebar #sb-2 a:active,
#sidebar #sb-2 a:focus {
        color: #F90;
}

#footer {
        border-top: 1px solid #3C3C3C;
        color: #828282;
}

#footer a:link,
#footer a:visited {
        color: #09C;
}

#footer a:hover,
#footer a:active,
#footer a:focus {
        color: #FFF;
}

/* forms.css */

.input-text,
textarea {
        border: none;
        font-size: 1em;
        padding: .3em;
}

label {
        font-size: 1em;
        margin: 0 .5em;
}

#search-form label {
        position: absolute;
        top: -99999px;
}

p.input-submit {
        text-align: right;
}

#commentform input {
        width: 43%;
}

#commentform textarea {
        font-size: 1em;
        font-family: Helvetica, Arial, sans-serif;
        width: 612px;
}

#commentform #submit-comment {
  width: auto;
        font-size: 17px;
        height: 30px;
}

#search-form #submit {
        padding: 1px 13px;
        margin: 0 0 0 5px;
}

/*
Clearing Floats
More info: http://www.positioniseverything.net/easyclearing.html
*/
.clearfix:after {
    content: ".";
    display: block;
    height: 0;
    clear: both;
    visibility: hidden;
}

.clearfix {display: inline-block;}

/* Hides from IE-mac \*/
* html .clearfix {height: 1%;}
.clearfix {display: block;}
/* End hide from IE-mac */


html, body {
        background: #f3f3f3;
         }

strong {
        color: #333;
}

#wrapper {
        background: #f3f3f3;
        color: #666;
}

#header a:link,
#header a:visited {
        color: #000;
        text-shadow: 0 1px 2px #fff;
}

#header a:hover,
#header a:active,
#header a:focus {
        color: #0087C1;
}

#header p.description {
  color: #999;
}

.back:link,
.back:visited {
        color: #f60;
}

.back:hover,
.back:active,
.back:focus {
        color: #FFF;
}

.post {
        background: #fff;
        border: 1px solid #ddd;
}

.post h2,
.post h3,
.post h4,
.post h5,
#search h2,
.emptysearch,
.error {
        color: #222;
}

.post h2 a:link,
.post h2 a:visited {
        color: #222;
}

.post h2 a:hover,
.post h2 a:active,
.post h2 a:focus {
        color: #000;
}

.post blockquote {
        background: #eee;
}

#wrapper .post img {
  border: solid #ddd 1px; background-color: #fff; padding: 5px
}

.date {
        color: #aaa;
}

.entry a:link,
.comment a:link {
        color: #0087C1;
}

.entry a:visited,
.comment a:visited {
        color: #0087C1;
}

.entry a:hover,
.entry a:active,
.entry a:focus,
.comment a:hover,
.comment a:active,
.comment a:focus {
        color: #000;
}

.post img {
        border: none;
}

.post .number-of-comments a:link,
.post .number-of-comments a:visited {
        color: #333;
}

.post .number-of-comments a:hover,
.post .number-of-comments a:active,
.post .number-of-comments a:focus {
        color: #0087C1;
}

#comments h3,
#commentform h3 {
        color: #222;
}

#comments ol li {
        background: #fff;
        border-top: 1px solid #e6e6e7;
}

#comments ol li:nth-child(2n+1) {
        background: #f3f3f3;
        border-top: 1px solid #ddd;
}

.highlighted a:link,
.highlighted a:visited {
        color: #0087C1;
}

.comment cite {
        color: #333;
}

.comment .moderation {
        color: #333;
}

#commentform {
        background: #fff;
        border: 1px solid #ddd;

}

#commentform input#author, #commentform input#email, #commentform input#url, #commentform textarea {
  border: 1px solid #ccc;
}

#commentform a:link,
#commentform a:visited {
        color: #0087C1;
}

#commentform a:hover,
#commentform a:active,
#commentform a:focus {
        color: #CCC;
}

.pagination {
        color: #0087C1;
}
.pagination a:link,
.pagination a:visited {
        color: #0087C1;
}

.pagination a:hover,
.pagination a:active,
.pagination a:focus {
        color: #000;
}

#sidebar {
        color: #999;
}

#sidebar a:link,
#sidebar a:visited {
        color: #555;
}

#sidebar a:hover,
#sidebar a:active,
#sidebar a:focus {
        color: #0087C1;
}

#sidebar #sb-2 a:link,
#sidebar #sb-2 a:visited {
        color: #555;
}

#sidebar #sb-2 a:hover,
#sidebar #sb-2 a:active,
#sidebar #sb-2 a:focus {
        color: #0087C1;
}

#sidebar #sb-2 .input-text {
  border: 1px solid #ccc;
}

#footer {
        border-top: 1px solid #ddd;
        color: #828282;
}

#footer a:link,
#footer a:visited {
        color: #0087C1;
}

#footer a:hover,
#footer a:active,
#footer a:focus {
        color: #000;
}

.entry ul li {
        background: url(http://4.bp.blogspot.com/-gE2MoTwXSII/T3UpQeav3vI/AAAAAAAACI0/Twk8_foDRxc/s1600/bullet.gif) 0 7px no-repeat;
}

#sidebar .email {
        background: url(http://2.bp.blogspot.com/-cd5kSE4K2EM/T3UpadNxkvI/AAAAAAAACJA/8wmwLYzpt2g/s1600/ico-mail.gif) 0 4px no-repeat;
}

#sidebar #rss li {
        background: url(http://1.bp.blogspot.com/-XjmnHCx7Fjs/T3Upih6HEiI/AAAAAAAACJM/lTLgXv9rTHY/s1600/ico-rss.jpg) left center no-repeat;
}

]]></b:skin>
  </head>

  <body expr:class='&quot;loading&quot; + data:blog.mobileClass'>
  <div id='wrapper'>
    <div id='header'>
      <b:section id='header1' maxwidgets='1' showaddelement='no'>
<b:widget id='Header1' locked='true' title='Demo - Vostok (Header)' type='Header'>
<b:includable id='title'>
  <a expr:href='data:blog.homepageUrl'><data:title/></a>
</b:includable>
<b:includable id='description'>
  <data:description/>
</b:includable>
<b:includable id='main'>

  <b:if cond='data:useImage'>
    <b:if cond='data:imagePlacement == &quot;BEHIND&quot;'>
      <!--
      Show image as background to text. You can't really calculate the width
      reliably in JS because margins are not taken into account by any of
      clientWidth, offsetWidth or scrollWidth, so we don't force a minimum
      width if the user is using shrink to fit.
      This results in a margin-width's worth of pixels being cropped. If the
      user is not using shrink to fit then we expand the header.
      -->
      <b:if cond='data:mobile'>
          <div id='header-inner'>
            <div class='titlewrapper' style='background: transparent'>
              <h1 class='title' style='background: transparent; border-width: 0px'>
                <b:include name='title'/>
              </h1>
            </div>
            <b:include name='description'/>
          </div>
        <b:else/>
          <div expr:style='&quot;background-image: url(\&quot;&quot; + data:sourceUrl + &quot;\&quot;); &quot;                        + &quot;background-position: &quot;                        + data:backgroundPositionStyleStr + &quot;; &quot;                        + data:widthStyleStr                        + &quot;min-height: &quot; + data:height                        + &quot;_height: &quot; + data:height                        + &quot;background-repeat: no-repeat; &quot;' id='header-inner'>
            <div class='titlewrapper' style='background: transparent'>
              <h1 class='title' style='background: transparent; border-width: 0px'>
                <b:include name='title'/>
              </h1>
            </div>
            <b:include name='description'/>
          </div>
        </b:if>
    <b:else/>
      <!--Show the image only-->
      <div id='header-inner'>
        <a expr:href='data:blog.homepageUrl' style='display: block'>
          <img expr:alt='data:title' expr:height='data:height' expr:id='data:widget.instanceId + &quot;_headerimg&quot;' expr:src='data:sourceUrl' expr:width='data:width' style='display: block'/>
        </a>
        <!--Show the description-->
        <b:if cond='data:imagePlacement == &quot;BEFORE_DESCRIPTION&quot;'>
          <b:include name='description'/>
        </b:if>
      </div>
    </b:if>
  <b:else/>
    <!--No header image -->
    <h1><b:include name='title'/></h1>
    <p class='description'><b:include name='description'/></p>
  </b:if>
</b:includable>
</b:widget>
</b:section>
    </div><!-- close:header -->

    <div id='content'>
      <div id='main-content'>
        <b:section class='main' id='main' showaddelement='yes'>
<b:widget id='Blog1' locked='true' title='Blog Posts' type='Blog'>
<b:includable id='nextprev'>
  <div class='pagination clearfix'>
    <b:if cond='data:olderPageUrl'>
      <div class='prev'>
      <a class='blog-pager-older-link' expr:href='data:olderPageUrl' expr:id='data:widget.instanceId + &quot;_blog-pager-older-link&quot;' expr:title='data:olderPageTitle'>&#171; Previous articles</a>
      </div>
    </b:if>

    <b:if cond='data:newerPageUrl'>
      <div class='next'>
      <a class='blog-pager-newer-link' expr:href='data:newerPageUrl' expr:id='data:widget.instanceId + &quot;_blog-pager-newer-link&quot;' expr:title='data:newerPageTitle'>More recent articles &#187;</a>
      </div>
    </b:if>

    <b:if cond='data:mobileLinkUrl'>
      <div class='blog-mobile-link'>
        <a expr:href='data:mobileLinkUrl'><data:mobileLinkMsg/></a>
      </div>
    </b:if>

  </div>
  <div class='clear'/>
</b:includable>
<b:includable id='shareButtons' var='post'>
  <b:if cond='data:top.showEmailButton'><a class='goog-inline-block share-button sb-email' expr:href='data:post.sharePostUrl + &quot;&amp;target=email&quot;' expr:title='data:top.emailThisMsg' target='_blank'><span class='share-button-link-text'><data:top.emailThisMsg/></span></a></b:if><b:if cond='data:top.showBlogThisButton'><a class='goog-inline-block share-button sb-blog' expr:href='data:post.sharePostUrl + &quot;&amp;target=blog&quot;' expr:onclick='&quot;window.open(this.href, \&quot;_blank\&quot;, \&quot;height=270,width=475\&quot;); return false;&quot;' expr:title='data:top.blogThisMsg' target='_blank'><span class='share-button-link-text'><data:top.blogThisMsg/></span></a></b:if><b:if cond='data:top.showTwitterButton'><a class='goog-inline-block share-button sb-twitter' expr:href='data:post.sharePostUrl + &quot;&amp;target=twitter&quot;' expr:title='data:top.shareToTwitterMsg' target='_blank'><span class='share-button-link-text'><data:top.shareToTwitterMsg/></span></a></b:if><b:if cond='data:top.showFacebookButton'><a class='goog-inline-block share-button sb-facebook' expr:href='data:post.sharePostUrl + &quot;&amp;target=facebook&quot;' expr:onclick='&quot;window.open(this.href, \&quot;_blank\&quot;, \&quot;height=430,width=640\&quot;); return false;&quot;' expr:title='data:top.shareToFacebookMsg' target='_blank'><span class='share-button-link-text'><data:top.shareToFacebookMsg/></span></a></b:if><b:if cond='data:top.showOrkutButton'><a class='goog-inline-block share-button sb-orkut' expr:href='data:post.sharePostUrl + &quot;&amp;target=orkut&quot;' expr:title='data:top.shareToOrkutMsg' target='_blank'><span class='share-button-link-text'><data:top.shareToOrkutMsg/></span></a></b:if><b:if cond='data:top.showDummy'><div class='goog-inline-block dummy-container'><data:post.dummyTag/></div></b:if>
</b:includable>
<b:includable id='threaded_comment_js' var='post'>
  <script async='async' expr:src='data:post.commentSrc' type='text/javascript'/>

  <script type='text/javascript'>
    (function() {
      var items = <data:post.commentJso/>;
      var msgs = <data:post.commentMsgs/>;
      var config = <data:post.commentConfig/>;

// <![CDATA[
      var cursor = null;
      if (items && items.length > 0) {
        cursor = parseInt(items[items.length - 1].timestamp) + 1;
      }

      var bodyFromEntry = function(entry) {
        if (entry.gd$extendedProperty) {
          for (var k in entry.gd$extendedProperty) {
            if (entry.gd$extendedProperty[k].name == 'blogger.contentRemoved') {
              return '<span class="deleted-comment">' + entry.content.$t + '</span>';
            }
          }
        }
        return entry.content.$t;
      }

      var parse = function(data) {
        cursor = null;
        var comments = [];
        if (data && data.feed && data.feed.entry) {
          for (var i = 0, entry; entry = data.feed.entry[i]; i++) {
            var comment = {};
            // comment ID, parsed out of the original id format
            var id = /blog-(\d+).post-(\d+)/.exec(entry.id.$t);
            comment.id = id ? id[2] : null;
            comment.body = bodyFromEntry(entry);
            comment.timestamp = Date.parse(entry.published.$t) + '';
            if (entry.author && entry.author.constructor === Array) {
              var auth = entry.author[0];
              if (auth) {
                comment.author = {
                  name: (auth.name ? auth.name.$t : undefined),
                  profileUrl: (auth.uri ? auth.uri.$t : undefined),
                  avatarUrl: (auth.gd$image ? auth.gd$image.src : undefined)
                };
              }
            }
            if (entry.link) {
              if (entry.link[2]) {
                comment.link = comment.permalink = entry.link[2].href;
              }
              if (entry.link[3]) {
                var pid = /.*comments\/default\/(\d+)\?.*/.exec(entry.link[3].href);
                if (pid && pid[1]) {
                  comment.parentId = pid[1];
                }
              }
            }
            comment.deleteclass = 'item-control blog-admin';
            if (entry.gd$extendedProperty) {
              for (var k in entry.gd$extendedProperty) {
                if (entry.gd$extendedProperty[k].name == 'blogger.itemClass') {
                  comment.deleteclass += ' ' + entry.gd$extendedProperty[k].value;
                }
              }
            }
            comments.push(comment);
          }
        }
        return comments;
      };

      var paginator = function(callback) {
        if (hasMore()) {
          var url = config.feed + '?alt=json&v=2&orderby=published&reverse=false&max-results=50';
          if (cursor) {
            url += '&published-min=' + new Date(cursor).toISOString();
          }
          window.bloggercomments = function(data) {
            var parsed = parse(data);
            cursor = parsed.length < 50 ? null
                : parseInt(parsed[parsed.length - 1].timestamp) + 1
            callback(parsed);
            window.bloggercomments = null;
          }
          url += '&callback=bloggercomments';
          var script = document.createElement('script');
          script.type = 'text/javascript';
          script.src = url;
          document.getElementsByTagName('head')[0].appendChild(script);
        }
      };
      var hasMore = function() {
        return !!cursor;
      };
      var getMeta = function(key, comment) {
        if ('iswriter' == key) {
          var matches = !!comment.author
              && comment.author.name == config.authorName
              && comment.author.profileUrl == config.authorUrl;
          return matches ? 'true' : '';
        } else if ('deletelink' == key) {
          return config.baseUri + '/delete-comment.g?blogID='
               + config.blogId + '&postID=' + comment.id;
        } else if ('deleteclass' == key) {
          return comment.deleteclass;
        }
        return '';
      };

      var replybox = null;
      var replyUrlParts = null;
      var replyParent = undefined;

      var onReply = function(commentId, domId) {
        if (replybox == null) {
          // lazily cache replybox, and adjust to suit this style:
          replybox = document.getElementById('comment-editor');
          if (replybox != null) {
            replybox.height = '250px';
            replybox.style.display = 'block';
            replyUrlParts = replybox.src.split('#');
          }
        }
        if (replybox && (commentId !== replyParent)) {
          document.getElementById(domId).insertBefore(replybox, null);
          replybox.src = replyUrlParts[0]
              + (commentId ? '&parentID=' + commentId : '')
              + '#' + replyUrlParts[1];
          replyParent = commentId;
        }
      };

      var hash = (window.location.hash || '#').substring(1);
      var startThread, targetComment;
      if (/^comment-form_/.test(hash)) {
        startThread = hash.substring('comment-form_'.length);
      } else if (/^c[0-9]+$/.test(hash)) {
        targetComment = hash.substring(1);
      }

      // Configure commenting API:
      var configJso = {
        'maxDepth': config.maxThreadDepth
      };
      var provider = {
        'id': config.postId,
        'data': items,
        'loadNext': paginator,
        'hasMore': hasMore,
        'getMeta': getMeta,
        'onReply': onReply,
        'rendered': true,
        'initComment': targetComment,
        'initReplyThread': startThread,
        'config': configJso,
        'messages': msgs
      };

      var render = function() {
        if (window.goog && window.goog.comments) {
          var holder = document.getElementById('comment-holder');
          window.goog.comments.render(holder, provider);
        }
      };

      // render now, or queue to render when library loads:
      if (window.goog && window.goog.comments) {
        render();
      } else {
        window.goog = window.goog || {};
        window.goog.comments = window.goog.comments || {};
        window.goog.comments.loadQueue = window.goog.comments.loadQueue || [];
        window.goog.comments.loadQueue.push(render);
      }
    })();
// ]]>
  </script>
</b:includable>
<b:includable id='backlinks' var='post'>
  <a name='links'/><h4><data:post.backlinksLabel/></h4>
  <b:if cond='data:post.numBacklinks != 0'>
    <dl class='comments-block' id='comments-block'>
      <b:loop values='data:post.backlinks' var='backlink'>
        <div class='collapsed-backlink backlink-control'>
          <dt class='comment-title'>
            <span class='backlink-toggle-zippy'>&#160;</span>
            <a expr:href='data:backlink.url' rel='nofollow'><data:backlink.title/></a>
            <b:include data='backlink' name='backlinkDeleteIcon'/>
          </dt>
          <dd class='comment-body collapseable'>
            <data:backlink.snippet/>
          </dd>
          <dd class='comment-footer collapseable'>
            <span class='comment-author'><data:post.authorLabel/> <data:backlink.author/></span>
            <span class='comment-timestamp'><data:post.timestampLabel/> <data:backlink.timestamp/></span>
          </dd>
        </div>
      </b:loop>
    </dl>
  </b:if>
  <p class='comment-footer'>
    <a class='comment-link' expr:href='data:post.createLinkUrl' expr:id='data:widget.instanceId + &quot;_backlinks-create-link&quot;' target='_blank'><data:post.createLinkLabel/></a>
  </p>
</b:includable>
<b:includable id='mobile-main' var='top'>
    <!-- posts -->
    <div class='blog-posts hfeed'>

      <b:include data='top' name='status-message'/>

      <b:if cond='data:blog.pageType == &quot;index&quot;'>
        <b:loop values='data:posts' var='post'>
          <b:include data='post' name='mobile-index-post'/>
        </b:loop>
      <b:else/>
        <b:loop values='data:posts' var='post'>
          <b:include data='post' name='mobile-post'/>
        </b:loop>
      </b:if>
    </div>

   <b:include name='mobile-nextprev'/>
</b:includable>
<b:includable id='post' var='post'>
  <div class='post hentry'>
    <a expr:name='data:post.id'/>
    <b:if cond='data:post.title'>
      <h2>
      <b:if cond='data:post.link'>
        <a expr:href='data:post.link' expr:title='data:post.title' rel='bookmark'><data:post.title/></a>
      <b:else/>
        <b:if cond='data:post.url'>
          <b:if cond='data:blog.url != data:post.url'>
            <a expr:href='data:post.url' expr:title='data:post.title' rel='bookmark'><data:post.title/></a>
          <b:else/>
            <data:post.title/>
          </b:if>
        <b:else/>
          <data:post.title/>
        </b:if>
      </b:if>
      </h2>
    </b:if>

    <span class='date'>
      <b:if cond='data:top.showAuthor'>
        by
        <b:if cond='data:post.authorProfileUrl'>
          <a expr:href='data:post.authorProfileUrl' rel='author' title='author profile'>
            <data:post.author/>
          </a>
        <b:else/>
          <data:post.author/>
        </b:if>
      </b:if>
      <b:if cond='data:post.dateHeader'>
        on <data:post.dateHeader/>
      </b:if>
    </span>

    <div class='entry' expr:id='&quot;post-body-&quot; + data:post.id'>
      <p><data:post.body/></p>
      <div style='clear: both;'/> <!-- clear for photos floats -->
      <b:if cond='data:post.hasJumpLink'>
        <div class='jump-link'>
          <a expr:href='data:post.url + &quot;#more&quot;' expr:title='data:post.title'><data:post.jumpText/></a>
        </div>
      </b:if>
    </div>

    <span class='number-of-comments'>
      <b:if cond='data:blog.pageType != &quot;item&quot;'>
        <b:if cond='data:blog.pageType != &quot;static_page&quot;'>
          <b:if cond='data:post.allowComments'>
            <a class='comment-link' expr:href='data:post.addCommentUrl' expr:onclick='data:post.addCommentOnclick'><b:if cond='data:post.numComments == 0'>No Comments<b:else/><b:if cond='data:post.numComments == 1'>1 Comment<b:else/><data:post.numComments/> Comments</b:if></b:if></a>
          </b:if>
        </b:if>
      </b:if>
    </span>

    <div class='post-footer'>
    <div class='post-footer-line post-footer-line-1'>
      <span class='post-icons'>
        <!-- email post links -->
        <b:if cond='data:post.emailPostUrl'>
          <span class='item-action'>
          <a expr:href='data:post.emailPostUrl' expr:title='data:top.emailPostMsg'>
              <img alt='' class='icon-action' height='13' src='http://img1.blogblog.com/img/icon18_email.gif' width='18'/>
          </a>
          </span>
        </b:if>

        <!-- quickedit pencil -->
        <b:include data='post' name='postQuickEdit'/>
      </span> <div class='post-share-buttons goog-inline-block'>
        <b:if cond='data:post.sharePostUrl'>
          <b:include data='post' name='shareButtons'/>
        </b:if>
      </div> </div>

      <!--
      <div class='post-footer-line post-footer-line-2'><span class='post-labels'>
        <b:if cond='data:post.labels'>
          <data:postLabelsLabel/>
          <b:loop values='data:post.labels' var='label'>
            <a expr:href='data:label.url' rel='tag'><data:label.name/></a><b:if cond='data:label.isLast != &quot;true&quot;'>,</b:if>
          </b:loop>
        </b:if>
      </span> </div>
      -->

      <div class='post-footer-line post-footer-line-3'><span class='post-location'>
        <b:if cond='data:top.showLocation'>
          <b:if cond='data:post.location'>
            <data:postLocationLabel/>
            <a expr:href='data:post.location.mapsUrl' target='_blank'><data:post.location.name/></a>
          </b:if>
        </b:if>
      </span> </div>
    </div>
  </div>
</b:includable>
<b:includable id='status-message'>
  <b:if cond='data:blog.pageType == &quot;archive&quot;'>
    <p class='string'>Archive for &quot;<strong><data:blog.pageName/></strong>&quot;</p>
    <a class='back' expr:href='data:blog.homepageUrl'>Back home</a>
  </b:if>
  <b:if cond='data:navMessage'>
    <p class='string'><data:navMessage/></p>
    <a class='back' expr:href='data:blog.homepageUrl'>Back home</a>
  </b:if>
</b:includable>
<b:includable id='comment-form' var='post'>
  <div class='comment-form'>
    <a name='comment-form'/>
    <b:if cond='data:mobile'>
      <h4 id='comment-post-message'>
        <a expr:id='data:widget.instanceId + &quot;_comment-editor-toggle-link&quot;' href='javascript:void(0)'><data:postCommentMsg/></a></h4>
      <p><data:blogCommentMessage/></p>
      <data:blogTeamBlogMessage/>
      <a expr:href='data:post.commentFormIframeSrc' id='comment-editor-src'/>
      <iframe allowtransparency='true' class='blogger-iframe-colorize blogger-comment-from-post' frameborder='0' height='410' id='comment-editor' name='comment-editor' src='' style='display: none' width='100%'/>
    <b:else/>
      <h3>Write a comment:</h3>
      <p><data:blogCommentMessage/></p>
      <data:blogTeamBlogMessage/>
      <a expr:href='data:post.commentFormIframeSrc' id='comment-editor-src'/>
      <iframe allowtransparency='true' class='blogger-iframe-colorize blogger-comment-from-post' frameborder='0' height='410' id='comment-editor' name='comment-editor' src='' width='100%'/>
    </b:if>
    <data:post.friendConnectJs/>
    <data:post.cmtfpIframe/>
    <script type='text/javascript'>
      BLOG_CMT_createIframe(&#39;<data:post.appRpcRelayPath/>&#39;, &#39;<data:post.communityId/>&#39;);
    </script>
  </div>
</b:includable>
<b:includable id='threaded_comments' var='post'>
  <div class='comments' id='comments'>
    <a name='comments'/>
    <h3>
      <b:if cond='data:post.numComments == 0'>
        No comments yet.
      <b:else/>
      <b:if cond='data:post.numComments == 1'>
        There is 1 comment in this article:
      <b:else/>
        There is <data:post.numComments/> comments in this article:
      </b:if>
      </b:if>
    </h3>

    <div class='comments-content'>
      <b:if cond='data:post.embedCommentForm'>
        <b:include data='post' name='threaded_comment_js'/>
      </b:if>
      <div id='comment-holder'>
         <data:post.commentHtml/>
      </div>
    </div>

    <p class='comment-footer'>
      <b:if cond='data:post.allowNewComments'>
        <b:include data='post' name='threaded-comment-form'/>
      <b:else/>
        <data:post.noNewCommentsText/>
      </b:if>
    </p>

    <b:if cond='data:showCmtPopup'>
      <div id='comment-popup'>
        <iframe allowtransparency='true' frameborder='0' id='comment-actions' name='comment-actions' scrolling='no'>
        </iframe>
      </div>
    </b:if>

    <div id='backlinks-container'>
    <div expr:id='data:widget.instanceId + &quot;_backlinks-container&quot;'>
       <b:if cond='data:post.showBacklinks'>
         <b:include data='post' name='backlinks'/>
       </b:if>
    </div>
    </div>
  </div>
</b:includable>
<b:includable id='backlinkDeleteIcon' var='backlink'>
  <span expr:class='&quot;item-control &quot; + data:backlink.adminClass'>
    <a expr:href='data:backlink.deleteUrl' expr:title='data:top.deleteBacklinkMsg'>
      <img src='//www.blogger.com/img/icon_delete13.gif'/>
    </a>
  </span>
</b:includable>
<b:includable id='mobile-nextprev'>
  <div class='blog-pager' id='blog-pager'>
    <b:if cond='data:newerPageUrl'>
      <div class='mobile-link-button' id='blog-pager-newer-link'>
      <a class='blog-pager-newer-link' expr:href='data:newerPageUrl' expr:id='data:widget.instanceId + &quot;_blog-pager-newer-link&quot;' expr:title='data:newerPageTitle'>&amp;lsaquo;</a>
      </div>
    </b:if>

    <b:if cond='data:olderPageUrl'>
      <div class='mobile-link-button' id='blog-pager-older-link'>
      <a class='blog-pager-older-link' expr:href='data:olderPageUrl' expr:id='data:widget.instanceId + &quot;_blog-pager-older-link&quot;' expr:title='data:olderPageTitle'>&amp;rsaquo;</a>
      </div>
    </b:if>

    <div class='mobile-link-button' id='blog-pager-home-link'>
    <a class='home-link' expr:href='data:blog.homepageUrl'><data:homeMsg/></a>
    </div>

    <div class='mobile-desktop-link'>
      <a class='home-link' expr:href='data:desktopLinkUrl'><data:desktopLinkMsg/></a>
    </div>

  </div>
  <div class='clear'/>
</b:includable>
<b:includable id='mobile-post' var='post'>
  <div class='date-outer'>
    <b:if cond='data:post.dateHeader'>
      <h2 class='date-header'><span><data:post.dateHeader/></span></h2>
    </b:if>
    <div class='date-posts'>
      <div class='post-outer'>

        <div class='post hentry uncustomized-post-template'>
          <a expr:name='data:post.id'/>
          <b:if cond='data:post.title'>
            <h3 class='post-title entry-title'>
              <b:if cond='data:post.link'>
                <a expr:href='data:post.link'><data:post.title/></a>
              <b:else/>
                <b:if cond='data:post.url'>
                  <b:if cond='data:blog.url != data:post.url'>
                    <a expr:href='data:post.url'><data:post.title/></a>
                  <b:else/>
                    <data:post.title/>
                  </b:if>
                <b:else/>
                  <data:post.title/>
                </b:if>
              </b:if>
            </h3>
          </b:if>

          <div class='post-header'>
            <div class='post-header-line-1'/>
          </div>

          <div class='post-body entry-content' expr:id='&quot;post-body-&quot; + data:post.id'>
            <data:post.body/>
            <div style='clear: both;'/> <!-- clear for photos floats -->
          </div>

          <div class='post-footer'>
            <div class='post-footer-line post-footer-line-1'>
              <span class='post-author vcard'>
                <b:if cond='data:top.showAuthor'>
                  <b:if cond='data:post.authorProfileUrl'>
                    <span class='fn'>
                      <a expr:href='data:post.authorProfileUrl' rel='author' title='author profile'>
                        <data:post.author/>
                      </a>
                    </span>
                  <b:else/>
                    <span class='fn'><data:post.author/></span>
                  </b:if>
                </b:if>
              </span>

              <span class='post-timestamp'>
                <b:if cond='data:top.showTimestamp'>
                  <data:top.timestampLabel/>
                  <b:if cond='data:post.url'>
                    <a class='timestamp-link' expr:href='data:post.url' rel='bookmark' title='permanent link'><abbr class='published' expr:title='data:post.timestampISO8601'><data:post.timestamp/></abbr></a>
                  </b:if>
                </b:if>
              </span>

              <span class='post-comment-link'>
                <b:if cond='data:blog.pageType != &quot;item&quot;'>
                  <b:if cond='data:blog.pageType != &quot;static_page&quot;'>
                    <b:if cond='data:post.allowComments'>
                      <a class='comment-link' expr:href='data:post.addCommentUrl' expr:onclick='data:post.addCommentOnclick'><b:if cond='data:post.numComments == 1'>1 <data:top.commentLabel/><b:else/><data:post.numComments/> <data:top.commentLabelPlural/></b:if></a>
                    </b:if>
                  </b:if>
                </b:if>
              </span>
            </div>

            <div class='post-footer-line post-footer-line-2'>
              <b:if cond='data:top.showMobileShare'>
                <div class='mobile-link-button goog-inline-block' id='mobile-share-button'>
                  <a href='javascript:void(0);'><data:shareMsg/></a>
                </div>
              </b:if>
              <b:if cond='data:top.showDummy'>
                <div class='goog-inline-block dummy-container'><data:post.dummyTag/></div>
              </b:if>
            </div>

          </div>
        </div>

        <b:if cond='data:blog.pageType == &quot;static_page&quot;'>
          <b:if cond='data:post.showThreadedComments'>
            <b:include data='post' name='threaded_comments'/>
          <b:else/>
            <b:include data='post' name='comments'/>
          </b:if>
        </b:if>
        <b:if cond='data:blog.pageType == &quot;item&quot;'>
          <b:if cond='data:post.showThreadedComments'>
            <b:include data='post' name='threaded_comments'/>
          <b:else/>
            <b:include data='post' name='comments'/>
          </b:if>
        </b:if>
      </div>
    </div>
  </div>
</b:includable>
<b:includable id='postQuickEdit' var='post'>
  <b:if cond='data:post.editUrl'>
    <span expr:class='&quot;item-control &quot; + data:post.adminClass'>
      <a expr:href='data:post.editUrl' expr:title='data:top.editPostMsg'>
        <img alt='' class='icon-action' height='18' src='http://img2.blogblog.com/img/icon18_edit_allbkg.gif' width='18'/>
      </a>
    </span>
  </b:if>
</b:includable>
<b:includable id='main' var='top'>
  <b:if cond='data:mobile == &quot;false&quot;'>

    <!-- posts -->
    <div class='blog-posts hfeed'>

      <b:include data='top' name='status-message'/>

      <data:defaultAdStart/>
      <b:loop values='data:posts' var='post'>
        <b:if cond='data:post.isDateStart'>
          <b:if cond='data:post.isFirstPost == &quot;false&quot;'>
            &lt;/div&gt;&lt;/div&gt;
          </b:if>
        </b:if>
        <b:if cond='data:post.isDateStart'>
          &lt;div class=&quot;date-outer&quot;&gt;
        </b:if>
        <b:if cond='data:post.isDateStart'>
          &lt;div class=&quot;date-posts&quot;&gt;
        </b:if>
        <div class='post-outer'>
        <b:include data='post' name='post'/>
        <b:if cond='data:blog.pageType == &quot;static_page&quot;'>
          <b:if cond='data:post.showThreadedComments'>
            <b:include data='post' name='threaded_comments'/>
          <b:else/>
            <b:include data='post' name='comments'/>
          </b:if>
        </b:if>
        <b:if cond='data:blog.pageType == &quot;item&quot;'>
          <b:if cond='data:post.showThreadedComments'>
            <b:include data='post' name='threaded_comments'/>
          <b:else/>
            <b:include data='post' name='comments'/>
          </b:if>
        </b:if>
        </div>
        <b:if cond='data:post.includeAd'>
          <b:if cond='data:post.isFirstPost'>
            <data:defaultAdEnd/>
          <b:else/>
            <data:adEnd/>
          </b:if>
          <div class='inline-ad'>
            <data:adCode/>
          </div>
          <data:adStart/>
        </b:if>
      </b:loop>
      <b:if cond='data:numPosts != 0'>
        &lt;/div&gt;&lt;/div&gt;
      </b:if>
      <data:adEnd/>
    </div>

    <div class='clear'/>
    <b:if cond='data:blog.pageType != &quot;item&quot;'>
    <!-- navigation -->
    <b:include name='nextprev'/>
    </b:if>

    <b:if cond='data:top.showStars'>
      <script src='//www.google.com/jsapi' type='text/javascript'/>
      <script type='text/javascript'>
        google.load(&quot;annotations&quot;, &quot;1&quot;, {&quot;locale&quot;: &quot;<data:top.languageCode/>&quot;});
        function initialize() {
          google.annotations.setApplicationId(<data:top.blogspotReviews/>);
          google.annotations.createAll();
          google.annotations.fetch();
        }
        google.setOnLoadCallback(initialize);
      </script>
    </b:if>

  <b:else/>
    <b:include name='mobile-main'/>
  </b:if>

  <b:if cond='data:top.showDummy'>
    <data:top.dummyBootstrap/>
  </b:if>

</b:includable>
<b:includable id='commentDeleteIcon' var='comment'>
  <span expr:class='&quot;item-control &quot; + data:comment.adminClass'>
    <b:if cond='data:showCmtPopup'>
      <div class='goog-toggle-button'>
        <div class='goog-inline-block comment-action-icon'/>
      </div>
    <b:else/>
      <a class='comment-delete' expr:href='data:comment.deleteUrl' expr:title='data:top.deleteCommentMsg'>
        <img src='//www.blogger.com/img/icon_delete13.gif'/>
      </a>
    </b:if>
  </span>
</b:includable>
<b:includable id='feedLinks'>
  <b:if cond='data:blog.pageType != &quot;item&quot;'> <!-- Blog feed links -->
    <b:if cond='data:feedLinks'>
      <div class='blog-feeds'>
        <b:include data='feedLinks' name='feedLinksBody'/>
      </div>
    </b:if>

    <b:else/> <!--Post feed links -->
    <div class='post-feeds'>
      <b:loop values='data:posts' var='post'>
        <b:if cond='data:post.allowComments'>
          <b:if cond='data:post.feedLinks'>
            <b:include data='post.feedLinks' name='feedLinksBody'/>
          </b:if>
        </b:if>
      </b:loop>
    </div>
  </b:if>
</b:includable>
<b:includable id='threaded-comment-form' var='post'>
  <div class='comment-form'>
    <a name='comment-form'/>
    <b:if cond='data:mobile'>
      <p><data:blogCommentMessage/></p>
      <data:blogTeamBlogMessage/>
      <a expr:href='data:post.commentFormIframeSrc' id='comment-editor-src'/>
      <iframe allowtransparency='true' class='blogger-iframe-colorize blogger-comment-from-post' frameborder='0' height='410' id='comment-editor' name='comment-editor' src='' style='display: none' width='100%'/>
    <b:else/>
      <p><data:blogCommentMessage/></p>
      <data:blogTeamBlogMessage/>
      <a expr:href='data:post.commentFormIframeSrc' id='comment-editor-src'/>
      <iframe allowtransparency='true' class='blogger-iframe-colorize blogger-comment-from-post' frameborder='0' height='410' id='comment-editor' name='comment-editor' src='' width='100%'/>
    </b:if>
    <data:post.friendConnectJs/>
    <data:post.cmtfpIframe/>
    <script type='text/javascript'>
      BLOG_CMT_createIframe(&#39;<data:post.appRpcRelayPath/>&#39;, &#39;<data:post.communityId/>&#39;);
    </script>
  </div>
</b:includable>
<b:includable id='mobile-index-post' var='post'>
  <div class='mobile-date-outer date-outer'>
    <b:if cond='data:post.dateHeader'>
      <div class='date-header'>
        <span><data:post.dateHeader/></span>
      </div>
    </b:if>

    <div class='mobile-post-outer'>
      <a expr:href='data:post.url'>
        <h3 class='mobile-index-title entry-title'>
          <data:post.title/>
        </h3>

        <div class='mobile-index-arrow'>&amp;rsaquo;</div>

        <div class='mobile-index-contents'>
          <b:if cond='data:post.thumbnailUrl'>
            <div class='mobile-index-thumbnail'>
              <div class='Image'>
                <img expr:src='data:post.thumbnailUrl'/>
              </div>
            </div>
          </b:if>

          <div class='post-body'>
            <b:if cond='data:post.snippet'><data:post.snippet/></b:if>
          </div>
        </div>

        <div style='clear: both;'/>
      </a>

      <div class='mobile-index-comment'>
        <b:if cond='data:blog.pageType != &quot;static_page&quot;'>
          <b:if cond='data:post.allowComments'>
            <b:if cond='data:post.numComments != 0'>
              <a class='comment-link' expr:href='data:post.addCommentUrl' expr:onclick='data:post.addCommentOnclick'><b:if cond='data:post.numComments == 1'>1 <data:top.commentLabel/><b:else/><data:post.numComments/> <data:top.commentLabelPlural/></b:if></a>
            </b:if>
          </b:if>
        </b:if>
      </div>
    </div>
  </div>
</b:includable>
<b:includable id='feedLinksBody' var='links'>
  <div class='feed-links'>
  <data:feedLinksMsg/>
  <b:loop values='data:links' var='f'>
     <a class='feed-link' expr:href='data:f.url' expr:type='data:f.mimeType' target='_blank'><data:f.name/> (<data:f.feedType/>)</a>
  </b:loop>
  </div>
</b:includable>
<b:includable id='comments' var='post'>
  <div class='comments' id='comments'>
    <a name='comments'/>
    <b:if cond='data:post.allowComments'>
      <h3>
      <b:if cond='data:post.numComments == 0'>
        No comments yet.
      <b:else/>
      <b:if cond='data:post.numComments == 1'>
        There is 1 comment in this article:
      <b:else/>
        There is <data:post.numComments/> comments in this article:
      </b:if>
      </b:if>
      </h3>

      <b:if cond='data:post.commentPagingRequired'>
        <span class='paging-control-container'>
          <a expr:class='data:post.oldLinkClass' expr:href='data:post.oldestLinkUrl'><data:post.oldestLinkText/></a>
          &#160;
          <a expr:class='data:post.oldLinkClass' expr:href='data:post.olderLinkUrl'><data:post.olderLinkText/></a>
          &#160;
          <data:post.commentRangeText/>
          &#160;
          <a expr:class='data:post.newLinkClass' expr:href='data:post.newerLinkUrl'><data:post.newerLinkText/></a>
          &#160;
          <a expr:class='data:post.newLinkClass' expr:href='data:post.newestLinkUrl'><data:post.newestLinkText/></a>
        </span>
      </b:if>

      <div expr:id='data:widget.instanceId + &quot;_comments-block-wrapper&quot;'>
        <dl expr:class='data:post.avatarIndentClass' id='comments-block'>
          <b:loop values='data:post.comments' var='comment'>
            <dt expr:class='&quot;comment-author &quot; + data:comment.authorClass' expr:id='data:comment.anchorName'>
              <b:if cond='data:comment.favicon'>
                <img expr:src='data:comment.favicon' height='16px' style='margin-bottom:-2px;' width='16px'/>
              </b:if>
              <a expr:name='data:comment.anchorName'/>
              <b:if cond='data:blog.enabledCommentProfileImages'>
                <data:comment.authorAvatarImage/>
              </b:if>
              <b:if cond='data:comment.authorUrl'>
                <a expr:href='data:comment.authorUrl' rel='nofollow'><data:comment.author/></a>
              <b:else/>
                <data:comment.author/>
              </b:if>
              <data:commentPostedByMsg/>
            </dt>
            <dd class='comment-body' expr:id='data:widget.instanceId + data:comment.cmtBodyIdPostfix'>
              <b:if cond='data:comment.isDeleted'>
                <span class='deleted-comment'><data:comment.body/></span>
              <b:else/>
                <p>
                  <data:comment.body/>
                </p>
              </b:if>
            </dd>
            <dd class='comment-footer'>
              <span class='comment-timestamp'>
                <a expr:href='data:comment.url' title='comment permalink'>
                  <data:comment.timestamp/>
                </a>
                <b:include data='comment' name='commentDeleteIcon'/>
              </span>
            </dd>
          </b:loop>
        </dl>
      </div>

      <b:if cond='data:post.commentPagingRequired'>
        <span class='paging-control-container'>
          <a expr:class='data:post.oldLinkClass' expr:href='data:post.oldestLinkUrl'>
            <data:post.oldestLinkText/>
          </a>
          <a expr:class='data:post.oldLinkClass' expr:href='data:post.olderLinkUrl'>
            <data:post.olderLinkText/>
          </a>
          &#160;
          <data:post.commentRangeText/>
          &#160;
          <a expr:class='data:post.newLinkClass' expr:href='data:post.newerLinkUrl'>
            <data:post.newerLinkText/>
          </a>
          <a expr:class='data:post.newLinkClass' expr:href='data:post.newestLinkUrl'>
            <data:post.newestLinkText/>
          </a>
        </span>
      </b:if>

      <p class='comment-footer'>
        <b:if cond='data:post.embedCommentForm'>
          <b:if cond='data:post.allowNewComments'>
            <b:include data='post' name='comment-form'/>
          <b:else/>
            <data:post.noNewCommentsText/>
          </b:if>
        <b:else/>
          <b:if cond='data:post.allowComments'>
            <a expr:href='data:post.addCommentUrl' expr:onclick='data:post.addCommentOnclick'><data:postCommentMsg/></a>
          </b:if>
        </b:if>

      </p>
    </b:if>
    <b:if cond='data:showCmtPopup'>
      <div id='comment-popup'>
        <iframe allowtransparency='true' frameborder='0' id='comment-actions' name='comment-actions' scrolling='no'>
        </iframe>
      </div>
    </b:if>

    <div id='backlinks-container'>
    <div expr:id='data:widget.instanceId + &quot;_backlinks-container&quot;'>
       <b:if cond='data:post.showBacklinks'>
         <b:include data='post' name='backlinks'/>
       </b:if>
    </div>
    </div>
  </div>
</b:includable>
</b:widget>
</b:section>
      </div><!-- close:main-content -->

      <div class='clearfix' id='sidebar'>
        <div id='sb-1'>
          <b:section id='sidebar1' showaddelement='yes'>
<b:widget id='PageList1' locked='false' title='Pages' type='PageList'>
<b:includable id='main'>
  <b:if cond='data:title'><h2><data:title/></h2></b:if>
  <div class='widget-content'>
    <b:if cond='data:mobile'>
      <select expr:id='data:widget.instanceId + &quot;_select&quot;'>
        <b:loop values='data:links' var='link'>
          <b:if cond='data:link.isCurrentPage'>
            <option expr:value='data:link.href' selected='selected'><data:link.title/></option>
          <b:else/>
            <option expr:value='data:link.href'><data:link.title/></option>
          </b:if>
        </b:loop>
      </select>
      <span class='pagelist-arrow'>&amp;#9660;</span>

    <b:else/>
      <ul>
        <b:loop values='data:links' var='link'>
          <b:if cond='data:link.isCurrentPage'>
            <li class='selected'><a expr:href='data:link.href' expr:title='data:link.title'><data:link.title/></a></li>
          <b:else/>
            <li><a expr:href='data:link.href' expr:title='data:link.title'><data:link.title/></a></li>
          </b:if>
        </b:loop>
      </ul>
    </b:if>
    <b:include name='quickedit'/>
  </div>
</b:includable>
</b:widget>
<b:widget id='Label1' locked='false' title='Categories' type='Label'>
<b:includable id='main'>
  <b:if cond='data:title'>
    <h2><data:title/></h2>
  </b:if>
  <div expr:class='&quot;widget-content &quot; + data:display + &quot;-label-widget-content&quot;'>
    <b:if cond='data:display == &quot;list&quot;'>
      <ul>
      <b:loop values='data:labels' var='label'>
        <li>
          <b:if cond='data:blog.url == data:label.url'>
            <span expr:dir='data:blog.languageDirection'><data:label.name/></span>
          <b:else/>
            <a expr:dir='data:blog.languageDirection' expr:href='data:label.url' expr:title='&quot;View all posts filed under &quot; + data:label.name'><data:label.name/></a>
          </b:if>
          <b:if cond='data:showFreqNumbers'>
            <span dir='ltr'>(<data:label.count/>)</span>
          </b:if>
        </li>
      </b:loop>
      </ul>
    <b:else/>
      <b:loop values='data:labels' var='label'>
        <span expr:class='&quot;label-size label-size-&quot; + data:label.cssSize'>
          <b:if cond='data:blog.url == data:label.url'>
            <span expr:dir='data:blog.languageDirection'><data:label.name/></span>
          <b:else/>
            <a expr:dir='data:blog.languageDirection' expr:href='data:label.url'><data:label.name/></a>
          </b:if>
          <b:if cond='data:showFreqNumbers'>
            <span class='label-count' dir='ltr'>(<data:label.count/>)</span>
          </b:if>
        </span>
      </b:loop>
    </b:if>
    <b:include name='quickedit'/>
  </div>
</b:includable>
</b:widget>
<b:widget id='BlogArchive1' locked='false' title='Blog Archive' type='BlogArchive'>
<b:includable id='toggle' var='interval'>
  <b:if cond='data:interval.toggleId'>
  <b:if cond='data:interval.expclass == &quot;expanded&quot;'>
    <a class='toggle' href='javascript:void(0)'>
      <span class='zippy toggle-open'>&#9660;&#160;</span>
    </a>
  <b:else/>
    <a class='toggle' href='javascript:void(0)'>
      <span class='zippy'>
        <b:if cond='data:blog.languageDirection == &quot;rtl&quot;'>
          &#9668;&#160;
        <b:else/>
          &#9658;&#160;
        </b:if>
      </span>
    </a>
  </b:if>
 </b:if>
</b:includable>
<b:includable id='interval' var='intervalData'>
  <b:loop values='data:intervalData' var='i'>
      <ul class='hierarchy'>
        <li expr:class='&quot;archivedate &quot; + data:i.expclass'>
          <b:include data='i' name='toggle'/>
          <a class='post-count-link' expr:href='data:i.url' expr:title='data:i.name'><data:i.name/></a>
            <span class='post-count' dir='ltr'>(<data:i.post-count/>)</span>
          <b:if cond='data:i.data'>
            <b:include data='i.data' name='interval'/>
          </b:if>
          <b:if cond='data:i.posts'>
            <b:include data='i.posts' name='posts'/>
          </b:if>
        </li>
      </ul>
  </b:loop>
</b:includable>
<b:includable id='menu' var='data'>
  <select expr:id='data:widget.instanceId + &quot;_ArchiveMenu&quot;'>
    <option value=''><data:title/></option>
    <b:loop values='data:data' var='i'>
      <option expr:value='data:i.url'><data:i.name/> (<data:i.post-count/>)</option>
    </b:loop>
  </select>
</b:includable>
<b:includable id='flat' var='data'>
  <ul class='flat'>
    <b:loop values='data:data' var='i'>
      <li class='archivedate'>
        <a expr:href='data:i.url' expr:title='data:i.name'><data:i.name/></a> (<data:i.post-count/>)
      </li>
    </b:loop>
  </ul>
</b:includable>
<b:includable id='posts' var='posts'>
  <ul class='posts'>
    <b:loop values='data:posts' var='i'>
      <li><a expr:href='data:i.url' expr:title='data:i.title'><data:i.title/></a></li>
    </b:loop>
  </ul>
</b:includable>
<b:includable id='main'>
  <b:if cond='data:title'>
    <h2><data:title/></h2>
  </b:if>
  <div class='widget-content'>
  <div id='ArchiveList'>
  <div expr:id='data:widget.instanceId + &quot;_ArchiveList&quot;'>
    <b:if cond='data:style == &quot;HIERARCHY&quot;'>
     <b:include data='data' name='interval'/>
    </b:if>
    <b:if cond='data:style == &quot;FLAT&quot;'>
      <b:include data='data' name='flat'/>
    </b:if>
    <b:if cond='data:style == &quot;MENU&quot;'>
      <b:include data='data' name='menu'/>
    </b:if>
  </div>
  </div>
  <b:include name='quickedit'/>
  </div>
</b:includable>
</b:widget>
</b:section>
        </div><!-- close:sb-1 -->
        <div id='sb-2'>
          <form action='/search' id='search-form' method='get' name='search-form'>
          <p>
          <label for='s'>Search:</label>
          <input class='input-text' id='s' name='q' type='text' value=''/>
          <input id='submit' name='submit' type='submit' value='Search'/>
          </p>
          </form>
          <ul id='rss'>
            <li><a expr:href='data:blog.homepageUrl + &quot;feeds/posts/default&quot;'>RSS Feed of the articles</a></li>
            <li><a expr:href='data:blog.homepageUrl + &quot;feeds/comments/default&quot;'>RSS Feed of the comments</a></li>
          </ul>
          <a class='email' href='mailto:mail@domain.com'>mail@domain.com</a>
          <b:section id='sidebar2' showaddelement='yes'/>
        </div><!-- close:sb-2 -->
      </div><!-- close:sidebar -->
    </div><!-- close:content -->

    <!-- Do Not Remove Our Link On Footer Template.
         Please Respect Our Work. Thank You. -->
    <div id='footer'>
      <p><data:blog.title/> is powered by <a href='http://www.blogger.com' hreflang='en'>Blogger</a> and <a href='http://www.vostoktheme.com' hreflang='en'>Vostok Theme</a>. Converted by <a href='http://www.litethemes.com' target='_blank' title='LiteThemes.com'>LiteThemes.com</a>.</p>
    </div><!-- close:footer -->
    <!-- Do Not Remove Our Link On Footer Template.
         Please Respect Our Work. Thank You. -->

  </div><!-- close:wrapper -->

</body>
</html>